tipo,severidad,clave,nombre_en_fuente,detalle,consecuencia,resolucion,en_poblacion_uft,coocurren_en_publicaciones,n_publicaciones_sin_otra_deteccion
P-03_variantes_de_nombre,alta,arenasmassa,Arenas-Massa Á.,Arenas-Massa A.|Arenas-Massa Á.,posible misma persona contada varias veces,NO_RESOLVER_AUTOMATICAMENTE,,,
P-03_variantes_de_nombre,alta,arenasmassa,Arenas-Massa A.,Arenas-Massa A.|Arenas-Massa Á.,posible misma persona contada varias veces,NO_RESOLVER_AUTOMATICAMENTE,,,
P-03_variantes_de_nombre,alta,avilesdorlhiac,Avilés-Dorlhiac R.,Avilès Dorlhiac R.|Avilés-Dorlhiac R.,posible misma persona contada varias veces,NO_RESOLVER_AUTOMATICAMENTE,,,
P-03_variantes_de_nombre,alta,avilesdorlhiac,Avilès Dorlhiac R.,Avilès Dorlhiac R.|Avilés-Dorlhiac R.,posible misma persona contada varias veces,NO_RESOLVER_AUTOMATICAMENTE,,,
P-03_variantes_de_nombre,alta,ballesteros,Ballesteros P.,Ballesteros P.|Ballesteros P. P.,posible misma persona contada varias veces,NO_RESOLVER_AUTOMATICAMENTE,,,
P-03_variantes_de_nombre,alta,ballesteros,Ballesteros P. P.,Ballesteros P.|Ballesteros P. P.,posible misma persona contada varias veces,NO_RESOLVER_AUTOMATICAMENTE,,,
P-03_variantes_de_nombre,alta,caffarenabarcenilla,Caffarena-Barcenilla C.,Caffarena Barcenilla P.|Caffarena-Barcenilla C.,posible misma persona contada varias veces,NO_RESOLVER_AUTOMATICAMENTE,,,
P-03_variantes_de_nombre,alta,caffarenabarcenilla,Caffarena Barcenilla P.,Caffarena Barcenilla P.|Caffarena-Barcenilla C.,posible misma persona contada varias veces,NO_RESOLVER_AUTOMATICAMENTE,,,
P-03_variantes_de_nombre,alta,cancinolopez,Cancino-López J.,Cancino-Lopez J.|Cancino-López J.,posible misma persona contada varias veces,NO_RESOLVER_AUTOMATICAMENTE,,,
P-03_variantes_de_nombre,alta,cancinolopez,Cancino-Lopez J.,Cancino-Lopez J.|Cancino-López J.,posible misma persona contada varias veces,NO_RESOLVER_AUTOMATICAMENTE,,,
P-03_variantes_de_nombre,alta,carvajal,Carvajal C.,Carvajal C.|Carvajal G.,posible misma persona contada varias veces,NO_RESOLVER_AUTOMATICAMENTE,,,
P-03_variantes_de_nombre,alta,carvajal,Carvajal G.,Carvajal C.|Carvajal G.,posible misma persona contada varias veces,NO_RESOLVER_AUTOMATICAMENTE,,,
P-03_variantes_de_nombre,alta,castillo,Castillo O.,Castillo N.|Castillo O.,posible misma persona contada varias veces,NO_RESOLVER_AUTOMATICAMENTE,,,
P-03_variantes_de_nombre,alta,castillo,Castillo N.,Castillo N.|Castillo O.,posible misma persona contada varias veces,NO_RESOLVER_AUTOMATICAMENTE,,,
P-03_variantes_de_nombre,alta,castillovalenzuela,Castillo-Valenzuela O.,Castillo Valenzuela O.|Castillo-Valenzuela O.,posible misma persona contada varias veces,NO_RESOLVER_AUTOMATICAMENTE,,,
P-03_variantes_de_nombre,alta,castillovalenzuela,Castillo Valenzuela O.,Castillo Valenzuela O.|Castillo-Valenzuela O.,posible misma persona contada varias veces,NO_RESOLVER_AUTOMATICAMENTE,,,
P-03_variantes_de_nombre,alta,castrosepulveda,Castro-Sepulveda M.,Castro-Sepulveda M.|Castro-Sepúlveda M.,posible misma persona contada varias veces,NO_RESOLVER_AUTOMATICAMENTE,,,
P-03_variantes_de_nombre,alta,castrosepulveda,Castro-Sepúlveda M.,Castro-Sepulveda M.|Castro-Sepúlveda M.,posible misma persona contada varias veces,NO_RESOLVER_AUTOMATICAMENTE,,,
P-03_variantes_de_nombre,alta,ceronml,Ceron M.L.,Ceron M.L.|Cerón M.L.,posible misma persona contada varias veces,NO_RESOLVER_AUTOMATICAMENTE,,,
P-03_variantes_de_nombre,alta,ceronml,Cerón M.L.,Ceron M.L.|Cerón M.L.,posible misma persona contada varias veces,NO_RESOLVER_AUTOMATICAMENTE,,,
P-03_variantes_de_nombre,alta,crisostomoflores,Crisóstomo Flores P.,Crisóstomo Flores P.|Crisóstomo-Flores P.,posible misma persona contada varias veces,NO_RESOLVER_AUTOMATICAMENTE,,,
P-03_variantes_de_nombre,alta,crisostomoflores,Crisóstomo-Flores P.,Crisóstomo Flores P.|Crisóstomo-Flores P.,posible misma persona contada varias veces,NO_RESOLVER_AUTOMATICAMENTE,,,
P-03_variantes_de_nombre,alta,dela,De la Fuente López M.,De la Fuente López M.|De la Fuente M.|De la fuente López M.|de la Cruz P.S.|de la Fuente M.,posible misma persona contada varias veces,NO_RESOLVER_AUTOMATICAMENTE,,,
P-03_variantes_de_nombre,alta,dela,De la Fuente M.,De la Fuente López M.|De la Fuente M.|De la fuente López M.|de la Cruz P.S.|de la Fuente M.,posible misma persona contada varias veces,NO_RESOLVER_AUTOMATICAMENTE,,,
P-03_variantes_de_nombre,alta,dela,de la Fuente M.,De la Fuente López M.|De la Fuente M.|De la fuente López M.|de la Cruz P.S.|de la Fuente M.,posible misma persona contada varias veces,NO_RESOLVER_AUTOMATICAMENTE,,,
P-03_variantes_de_nombre,alta,dela,de la Cruz P.S.,De la Fuente López M.|De la Fuente M.|De la fuente López M.|de la Cruz P.S.|de la Fuente M.,posible misma persona contada varias veces,NO_RESOLVER_AUTOMATICAMENTE,,,
P-03_variantes_de_nombre,alta,dela,De la fuente López M.,De la Fuente López M.|De la Fuente M.|De la fuente López M.|de la Cruz P.S.|de la Fuente M.,posible misma persona contada varias veces,NO_RESOLVER_AUTOMATICAMENTE,,,
P-03_variantes_de_nombre,alta,diaz,Díaz F.,Diaz F.|Díaz F.,posible misma persona contada varias veces,NO_RESOLVER_AUTOMATICAMENTE,,,
P-03_variantes_de_nombre,alta,diaz,Diaz F.,Diaz F.|Díaz F.,posible misma persona contada varias veces,NO_RESOLVER_AUTOMATICAMENTE,,,
P-03_variantes_de_nombre,alta,dominguez,Domínguez A.,Dominguez A.|Domínguez A.,posible misma persona contada varias veces,NO_RESOLVER_AUTOMATICAMENTE,,,
P-03_variantes_de_nombre,alta,dominguez,Dominguez A.,Dominguez A.|Domínguez A.,posible misma persona contada varias veces,NO_RESOLVER_AUTOMATICAMENTE,,,
P-03_variantes_de_nombre,alta,garcia,García J.,Garcia J.|Garcia K.|García F.|García J.,posible misma persona contada varias veces,NO_RESOLVER_AUTOMATICAMENTE,,,
P-03_variantes_de_nombre,alta,garcia,García F.,Garcia J.|Garcia K.|García F.|García J.,posible misma persona contada varias veces,NO_RESOLVER_AUTOMATICAMENTE,,,
P-03_variantes_de_nombre,alta,garcia,Garcia K.,Garcia J.|Garcia K.|García F.|García J.,posible misma persona contada varias veces,NO_RESOLVER_AUTOMATICAMENTE,,,
P-03_variantes_de_nombre,alta,garcia,Garcia J.,Garcia J.|Garcia K.|García F.|García J.,posible misma persona contada varias veces,NO_RESOLVER_AUTOMATICAMENTE,,,
P-03_variantes_de_nombre,alta,gigliojimenez,Giglio Jimenez A.,Giglio Jimenez A.|Giglio Jiménez A.,posible misma persona contada varias veces,NO_RESOLVER_AUTOMATICAMENTE,,,
P-03_variantes_de_nombre,alta,gigliojimenez,Giglio Jiménez A.,Giglio Jimenez A.|Giglio Jiménez A.,posible misma persona contada varias veces,NO_RESOLVER_AUTOMATICAMENTE,,,
P-03_variantes_de_nombre,alta,gomezbarbieri,Gomez Barbieri G.,Gomez Barbieri G.|Gómez Barbieri G.,posible misma persona contada varias veces,NO_RESOLVER_AUTOMATICAMENTE,,,
P-03_variantes_de_nombre,alta,gomezbarbieri,Gómez Barbieri G.,Gomez Barbieri G.|Gómez Barbieri G.,posible misma persona contada varias veces,NO_RESOLVER_AUTOMATICAMENTE,,,
P-03_variantes_de_nombre,alta,gonzalez,González A.,González A.|González I.,posible misma persona contada varias veces,NO_RESOLVER_AUTOMATICAMENTE,,,
P-03_variantes_de_nombre,alta,gonzalez,González I.,González A.|González I.,posible misma persona contada varias veces,NO_RESOLVER_AUTOMATICAMENTE,,,
P-03_variantes_de_nombre,alta,gonzalezvalderrama,Gonzalez-Valderrama A.,Gonzalez- Valderrama A.|Gonzalez-Valderrama A.|González-Valderrama A.,posible misma persona contada varias veces,NO_RESOLVER_AUTOMATICAMENTE,,,
P-03_variantes_de_nombre,alta,gonzalezvalderrama,González-Valderrama A.,Gonzalez- Valderrama A.|Gonzalez-Valderrama A.|González-Valderrama A.,posible misma persona contada varias veces,NO_RESOLVER_AUTOMATICAMENTE,,,
P-03_variantes_de_nombre,alta,gonzalezvalderrama,Gonzalez- Valderrama A.,Gonzalez- Valderrama A.|Gonzalez-Valderrama A.|González-Valderrama A.,posible misma persona contada varias veces,NO_RESOLVER_AUTOMATICAMENTE,,,
P-03_variantes_de_nombre,alta,gutierrez,Gutiérrez J.,Gutierrez M.|Gutiérrez J.|Gutiérrez S.,posible misma persona contada varias veces,NO_RESOLVER_AUTOMATICAMENTE,,,
P-03_variantes_de_nombre,alta,gutierrez,Gutiérrez S.,Gutierrez M.|Gutiérrez J.|Gutiérrez S.,posible misma persona contada varias veces,NO_RESOLVER_AUTOMATICAMENTE,,,
P-03_variantes_de_nombre,alta,gutierrez,Gutierrez M.,Gutierrez M.|Gutiérrez J.|Gutiérrez S.,posible misma persona contada varias veces,NO_RESOLVER_AUTOMATICAMENTE,,,
P-03_variantes_de_nombre,alta,hasbun,Hasbun P.,Hasbun P.|Hasbún P.,posible misma persona contada varias veces,NO_RESOLVER_AUTOMATICAMENTE,,,
P-03_variantes_de_nombre,alta,hasbun,Hasbún P.,Hasbun P.|Hasbún P.,posible misma persona contada varias veces,NO_RESOLVER_AUTOMATICAMENTE,,,
P-03_variantes_de_nombre,alta,henriquezolguin,Henriquez-Olguin C.,Henriquez-Olguin C.|Henriquez-Olguín C.|Henríquez-Olguin C.|Henríquez-Olguín C.,posible misma persona contada varias veces,NO_RESOLVER_AUTOMATICAMENTE,,,
P-03_variantes_de_nombre,alta,henriquezolguin,Henríquez-Olguín C.,Henriquez-Olguin C.|Henriquez-Olguín C.|Henríquez-Olguin C.|Henríquez-Olguín C.,posible misma persona contada varias veces,NO_RESOLVER_AUTOMATICAMENTE,,,
P-03_variantes_de_nombre,alta,henriquezolguin,Henriquez-Olguín C.,Henriquez-Olguin C.|Henriquez-Olguín C.|Henríquez-Olguin C.|Henríquez-Olguín C.,posible misma persona contada varias veces,NO_RESOLVER_AUTOMATICAMENTE,,,
P-03_variantes_de_nombre,alta,henriquezolguin,Henríquez-Olguin C.,Henriquez-Olguin C.|Henriquez-Olguín C.|Henríquez-Olguin C.|Henríquez-Olguín C.,posible misma persona contada varias veces,NO_RESOLVER_AUTOMATICAMENTE,,,
P-03_variantes_de_nombre,alta,ibanez,Ibañez V.,Ibañez H.|Ibañez V.,posible misma persona contada varias veces,NO_RESOLVER_AUTOMATICAMENTE,,,
P-03_variantes_de_nombre,alta,ibanez,Ibañez H.,Ibañez H.|Ibañez V.,posible misma persona contada varias veces,NO_RESOLVER_AUTOMATICAMENTE,,,
P-03_variantes_de_nombre,alta,jimenezag,Jimenez A.G.,Jimenez A.G.|Jiménez A.G.,posible misma persona contada varias veces,NO_RESOLVER_AUTOMATICAMENTE,,,
P-03_variantes_de_nombre,alta,jimenezag,Jiménez A.G.,Jimenez A.G.|Jiménez A.G.,posible misma persona contada varias veces,NO_RESOLVER_AUTOMATICAMENTE,,,
P-03_variantes_de_nombre,alta,lopezarana,López-Arana S.,Lopez-Arana S.|López Arana S.|López-Arana S.,posible misma persona contada varias veces,NO_RESOLVER_AUTOMATICAMENTE,,,
P-03_variantes_de_nombre,alta,lopezarana,Lopez-Arana S.,Lopez-Arana S.|López Arana S.|López-Arana S.,posible misma persona contada varias veces,NO_RESOLVER_AUTOMATICAMENTE,,,
P-03_variantes_de_nombre,alta,lopezarana,López Arana S.,Lopez-Arana S.|López Arana S.|López-Arana S.,posible misma persona contada varias veces,NO_RESOLVER_AUTOMATICAMENTE,,,
P-03_variantes_de_nombre,alta,martinez,Martínez M.,Martinez M.|Martínez M.,posible misma persona contada varias veces,NO_RESOLVER_AUTOMATICAMENTE,,,
P-03_variantes_de_nombre,alta,martinez,Martinez M.,Martinez M.|Martínez M.,posible misma persona contada varias veces,NO_RESOLVER_AUTOMATICAMENTE,,,
P-03_variantes_de_nombre,alta,martinezmardones,Martínez-Mardones M.B.,Martinez-Mardones M.|Martinez-Mardones M.B.|Martínez-Mardones M.B.,posible misma persona contada varias veces,NO_RESOLVER_AUTOMATICAMENTE,,,
P-03_variantes_de_nombre,alta,martinezmardones,Martinez-Mardones M.B.,Martinez-Mardones M.|Martinez-Mardones M.B.|Martínez-Mardones M.B.,posible misma persona contada varias veces,NO_RESOLVER_AUTOMATICAMENTE,,,
P-03_variantes_de_nombre,alta,martinezmardones,Martinez-Mardones M.,Martinez-Mardones M.|Martinez-Mardones M.B.|Martínez-Mardones M.B.,posible misma persona contada varias veces,NO_RESOLVER_AUTOMATICAMENTE,,,
P-03_variantes_de_nombre,alta,massaaa,Massa A.A.,Massa A.A.|Massa Á.A.,posible misma persona contada varias veces,NO_RESOLVER_AUTOMATICAMENTE,,,
P-03_variantes_de_nombre,alta,massaaa,Massa Á.A.,Massa A.A.|Massa Á.A.,posible misma persona contada varias veces,NO_RESOLVER_AUTOMATICAMENTE,,,
P-03_variantes_de_nombre,alta,molina,Molina M.,Molina C.|Molina M.,posible misma persona contada varias veces,NO_RESOLVER_AUTOMATICAMENTE,,,
P-03_variantes_de_nombre,alta,molina,Molina C.,Molina C.|Molina M.,posible misma persona contada varias veces,NO_RESOLVER_AUTOMATICAMENTE,,,
P-03_variantes_de_nombre,alta,moralessepulveda,Morales-Sepulveda J.P.,Morales Sepúlveda J.P.|Morales-Sepulveda J.P.,posible misma persona contada varias veces,NO_RESOLVER_AUTOMATICAMENTE,,,
P-03_variantes_de_nombre,alta,moralessepulveda,Morales Sepúlveda J.P.,Morales Sepúlveda J.P.|Morales-Sepulveda J.P.,posible misma persona contada varias veces,NO_RESOLVER_AUTOMATICAMENTE,,,
P-03_variantes_de_nombre,alta,moyanodavila,Moyano Dávila C.,Moyano Davila C.|Moyano Dávila C.,posible misma persona contada varias veces,NO_RESOLVER_AUTOMATICAMENTE,,,
P-03_variantes_de_nombre,alta,moyanodavila,Moyano Davila C.,Moyano Davila C.|Moyano Dávila C.,posible misma persona contada varias veces,NO_RESOLVER_AUTOMATICAMENTE,,,
P-03_variantes_de_nombre,alta,nunezlisboa,Nuñez-Lisboa M.,Nuñez-Lisboa M.|Nùñez-Lisboa M.|Núnez-Lisboa M.|Núñez-Lisboa M.|Núñez-Lisboa M.N.,posible misma persona contada varias veces,NO_RESOLVER_AUTOMATICAMENTE,,,
P-03_variantes_de_nombre,alta,nunezlisboa,Núñez-Lisboa M.,Nuñez-Lisboa M.|Nùñez-Lisboa M.|Núnez-Lisboa M.|Núñez-Lisboa M.|Núñez-Lisboa M.N.,posible misma persona contada varias veces,NO_RESOLVER_AUTOMATICAMENTE,,,
P-03_variantes_de_nombre,alta,nunezlisboa,Nùñez-Lisboa M.,Nuñez-Lisboa M.|Nùñez-Lisboa M.|Núnez-Lisboa M.|Núñez-Lisboa M.|Núñez-Lisboa M.N.,posible misma persona contada varias veces,NO_RESOLVER_AUTOMATICAMENTE,,,
P-03_variantes_de_nombre,alta,nunezlisboa,Núñez-Lisboa M.N.,Nuñez-Lisboa M.|Nùñez-Lisboa M.|Núnez-Lisboa M.|Núñez-Lisboa M.|Núñez-Lisboa M.N.,posible misma persona contada varias veces,NO_RESOLVER_AUTOMATICAMENTE,,,
P-03_variantes_de_nombre,alta,nunezlisboa,Núnez-Lisboa M.,Nuñez-Lisboa M.|Nùñez-Lisboa M.|Núnez-Lisboa M.|Núñez-Lisboa M.|Núñez-Lisboa M.N.,posible misma persona contada varias veces,NO_RESOLVER_AUTOMATICAMENTE,,,
P-03_variantes_de_nombre,alta,orellanadonoso,Orellana-Donoso M.,Orellana Donoso M.|Orellana-Donoso M.|Orellana-Donoso M.I.,posible misma persona contada varias veces,NO_RESOLVER_AUTOMATICAMENTE,,,
P-03_variantes_de_nombre,alta,orellanadonoso,Orellana Donoso M.,Orellana Donoso M.|Orellana-Donoso M.|Orellana-Donoso M.I.,posible misma persona contada varias veces,NO_RESOLVER_AUTOMATICAMENTE,,,
P-03_variantes_de_nombre,alta,orellanadonoso,Orellana-Donoso M.I.,Orellana Donoso M.|Orellana-Donoso M.|Orellana-Donoso M.I.,posible misma persona contada varias veces,NO_RESOLVER_AUTOMATICAMENTE,,,
P-03_variantes_de_nombre,alta,pinozuniga,Pino-Zúñiga J.,Pino-Zuñiga J.|Pino-Zúñiga J.,posible misma persona contada varias veces,NO_RESOLVER_AUTOMATICAMENTE,,,
P-03_variantes_de_nombre,alta,pinozuniga,Pino-Zuñiga J.,Pino-Zuñiga J.|Pino-Zúñiga J.,posible misma persona contada varias veces,NO_RESOLVER_AUTOMATICAMENTE,,,
P-03_variantes_de_nombre,alta,ponce,Ponce D.,Ponce D.|Ponce N.|Ponce P.,posible misma persona contada varias veces,NO_RESOLVER_AUTOMATICAMENTE,,,
P-03_variantes_de_nombre,alta,ponce,Ponce N.,Ponce D.|Ponce N.|Ponce P.,posible misma persona contada varias veces,NO_RESOLVER_AUTOMATICAMENTE,,,
P-03_variantes_de_nombre,alta,ponce,Ponce P.,Ponce D.|Ponce N.|Ponce P.,posible misma persona contada varias veces,NO_RESOLVER_AUTOMATICAMENTE,,,
P-03_variantes_de_nombre,alta,ramos,Ramos A.,Ramos A.|Ramos T.,posible misma persona contada varias veces,NO_RESOLVER_AUTOMATICAMENTE,,,
P-03_variantes_de_nombre,alta,ramos,Ramos T.,Ramos A.|Ramos T.,posible misma persona contada varias veces,NO_RESOLVER_AUTOMATICAMENTE,,,
P-03_variantes_de_nombre,alta,reyes,Reyes M.,Reyes J.|Reyes M.,posible misma persona contada varias veces,NO_RESOLVER_AUTOMATICAMENTE,,,
P-03_variantes_de_nombre,alta,reyes,Reyes J.,Reyes J.|Reyes M.,posible misma persona contada varias veces,NO_RESOLVER_AUTOMATICAMENTE,,,
P-03_variantes_de_nombre,alta,rodriguez,Rodríguez C.,Rodríguez C.|Rodríguez I.,posible misma persona contada varias veces,NO_RESOLVER_AUTOMATICAMENTE,,,
P-03_variantes_de_nombre,alta,rodriguez,Rodríguez I.,Rodríguez C.|Rodríguez I.,posible misma persona contada varias veces,NO_RESOLVER_AUTOMATICAMENTE,,,
P-03_variantes_de_nombre,alta,ruizriquelme,Ruiz-Riquelme P.,Ruiz Riquelme P.|Ruiz-Riquelme P.,posible misma persona contada varias veces,NO_RESOLVER_AUTOMATICAMENTE,,,
P-03_variantes_de_nombre,alta,ruizriquelme,Ruiz Riquelme P.,Ruiz Riquelme P.|Ruiz-Riquelme P.,posible misma persona contada varias veces,NO_RESOLVER_AUTOMATICAMENTE,,,
P-03_variantes_de_nombre,alta,salas,Salas C.,Salas C.|Salas N.,posible misma persona contada varias veces,NO_RESOLVER_AUTOMATICAMENTE,,,
P-03_variantes_de_nombre,alta,salas,Salas N.,Salas C.|Salas N.,posible misma persona contada varias veces,NO_RESOLVER_AUTOMATICAMENTE,,,
P-03_variantes_de_nombre,alta,sanchezduque,Sánchez-Duque C.,Sanchez-Duque C.G.|Sánchez-Duque C.,posible misma persona contada varias veces,NO_RESOLVER_AUTOMATICAMENTE,,,
P-03_variantes_de_nombre,alta,sanchezduque,Sanchez-Duque C.G.,Sanchez-Duque C.G.|Sánchez-Duque C.,posible misma persona contada varias veces,NO_RESOLVER_AUTOMATICAMENTE,,,
P-03_variantes_de_nombre,alta,sepulveda,Sepúlveda P. P.,Sepulveda I.|Sepúlveda A I.|Sepúlveda P. P.,posible misma persona contada varias veces,NO_RESOLVER_AUTOMATICAMENTE,,,
P-03_variantes_de_nombre,alta,sepulveda,Sepúlveda A I.,Sepulveda I.|Sepúlveda A I.|Sepúlveda P. P.,posible misma persona contada varias veces,NO_RESOLVER_AUTOMATICAMENTE,,,
P-03_variantes_de_nombre,alta,sepulveda,Sepulveda I.,Sepulveda I.|Sepúlveda A I.|Sepúlveda P. P.,posible misma persona contada varias veces,NO_RESOLVER_AUTOMATICAMENTE,,,
P-03_variantes_de_nombre,alta,soto,Soto M.,Soto L.|Soto M.,posible misma persona contada varias veces,NO_RESOLVER_AUTOMATICAMENTE,,,
P-03_variantes_de_nombre,alta,soto,Soto L.,Soto L.|Soto M.,posible misma persona contada varias veces,NO_RESOLVER_AUTOMATICAMENTE,,,
P-03_variantes_de_nombre,alta,tabiloprieto,Tabilo-Prieto I.,Tabilo Prieto I.|Tabilo-Prieto I.,posible misma persona contada varias veces,NO_RESOLVER_AUTOMATICAMENTE,,,
P-03_variantes_de_nombre,alta,tabiloprieto,Tabilo Prieto I.,Tabilo Prieto I.|Tabilo-Prieto I.,posible misma persona contada varias veces,NO_RESOLVER_AUTOMATICAMENTE,,,
P-03_variantes_de_nombre,alta,tapia,Tapia V.,Tapia I.|Tapia V.,posible misma persona contada varias veces,NO_RESOLVER_AUTOMATICAMENTE,,,
P-03_variantes_de_nombre,alta,tapia,Tapia I.,Tapia I.|Tapia V.,posible misma persona contada varias veces,NO_RESOLVER_AUTOMATICAMENTE,,,
P-03_variantes_de_nombre,alta,valderrama,Valderrama P.,Valderrama E P.|Valderrama P.|Valderrama Y.,posible misma persona contada varias veces,NO_RESOLVER_AUTOMATICAMENTE,,,
P-03_variantes_de_nombre,alta,valderrama,Valderrama Y.,Valderrama E P.|Valderrama P.|Valderrama Y.,posible misma persona contada varias veces,NO_RESOLVER_AUTOMATICAMENTE,,,
P-03_variantes_de_nombre,alta,valderrama,Valderrama E P.,Valderrama E P.|Valderrama P.|Valderrama Y.,posible misma persona contada varias veces,NO_RESOLVER_AUTOMATICAMENTE,,,
P-03_variantes_de_nombre,alta,valenzuela,Valenzuela R.,Valenzuela C.|Valenzuela L. G.|Valenzuela R.|Valenzuela T.,posible misma persona contada varias veces,NO_RESOLVER_AUTOMATICAMENTE,,,
P-03_variantes_de_nombre,alta,valenzuela,Valenzuela T.,Valenzuela C.|Valenzuela L. G.|Valenzuela R.|Valenzuela T.,posible misma persona contada varias veces,NO_RESOLVER_AUTOMATICAMENTE,,,
P-03_variantes_de_nombre,alta,valenzuela,Valenzuela L. G.,Valenzuela C.|Valenzuela L. G.|Valenzuela R.|Valenzuela T.,posible misma persona contada varias veces,NO_RESOLVER_AUTOMATICAMENTE,,,
P-03_variantes_de_nombre,alta,valenzuela,Valenzuela C.,Valenzuela C.|Valenzuela L. G.|Valenzuela R.|Valenzuela T.,posible misma persona contada varias veces,NO_RESOLVER_AUTOMATICAMENTE,,,
P-03_variantes_de_nombre,alta,vallejos,Vallejos P. G.,Vallejos G.|Vallejos P. G.,posible misma persona contada varias veces,NO_RESOLVER_AUTOMATICAMENTE,,,
P-03_variantes_de_nombre,alta,vallejos,Vallejos G.,Vallejos G.|Vallejos P. G.,posible misma persona contada varias veces,NO_RESOLVER_AUTOMATICAMENTE,,,
P-03_variantes_de_nombre,alta,vansint,Van Sint Jan N.,Van Sint Jan N.|van Sint Jan D N.,posible misma persona contada varias veces,NO_RESOLVER_AUTOMATICAMENTE,,,
P-03_variantes_de_nombre,alta,vansint,van Sint Jan D N.,Van Sint Jan N.|van Sint Jan D N.,posible misma persona contada varias veces,NO_RESOLVER_AUTOMATICAMENTE,,,
P-03_variantes_de_nombre,alta,vasquez,Vasquez F.,Vasquez F.|Vásquez F.|Vásquez G.,posible misma persona contada varias veces,NO_RESOLVER_AUTOMATICAMENTE,,,
P-03_variantes_de_nombre,alta,vasquez,Vásquez F.,Vasquez F.|Vásquez F.|Vásquez G.,posible misma persona contada varias veces,NO_RESOLVER_AUTOMATICAMENTE,,,
P-03_variantes_de_nombre,alta,vasquez,Vásquez G.,Vasquez F.|Vásquez F.|Vásquez G.,posible misma persona contada varias veces,NO_RESOLVER_AUTOMATICAMENTE,,,
P-03_variantes_de_nombre,alta,zamorano,Zamorano S.,Zamorano A.|Zamorano S.,posible misma persona contada varias veces,NO_RESOLVER_AUTOMATICAMENTE,,,
P-03_variantes_de_nombre,alta,zamorano,Zamorano A.,Zamorano A.|Zamorano S.,posible misma persona contada varias veces,NO_RESOLVER_AUTOMATICAMENTE,,,
P-04_nombre_con_multiples_scopus_id,alta,"Gutiérrez, Juan","Gutiérrez, Juan",57192703299|59221961900,perfil Scopus fragmentado u homonimia,NO_RESOLVER_AUTOMATICAMENTE,True,0.0,
P-04_nombre_con_multiples_scopus_id,alta,"De la Fuente López, Marjorie","De la Fuente López, Marjorie",23090504600|60150573200,perfil Scopus fragmentado u homonimia,NO_RESOLVER_AUTOMATICAMENTE,True,0.0,
P-04_nombre_con_multiples_scopus_id,alta,"Richter, Erik A.","Richter, Erik A.",35475650900|57218256582,perfil Scopus fragmentado u homonimia,NO_RESOLVER_AUTOMATICAMENTE,False,0.0,
P-04_nombre_con_multiples_scopus_id,alta,"Torres, Keila","Torres, Keila",57224867683|60596438800,perfil Scopus fragmentado u homonimia,NO_RESOLVER_AUTOMATICAMENTE,True,0.0,
P-04_nombre_con_multiples_scopus_id,alta,"Rojas-Costa, Gonzalo M.","Rojas-Costa, Gonzalo M.",58805405100|7004503519,perfil Scopus fragmentado u homonimia,NO_RESOLVER_AUTOMATICAMENTE,True,0.0,
P-04_nombre_con_multiples_scopus_id,alta,"Qian, Hongwei","Qian, Hongwei",60077451400|7201520523,perfil Scopus fragmentado u homonimia,NO_RESOLVER_AUTOMATICAMENTE,False,0.0,
P-04_nombre_con_multiples_scopus_id,alta,"Moya, Patricia","Moya, Patricia",57767862900|60235456000,perfil Scopus fragmentado u homonimia,NO_RESOLVER_AUTOMATICAMENTE,True,0.0,
P-04_nombre_con_multiples_scopus_id,alta,"Moreno, Sergio","Moreno, Sergio",56229831900|59919704200,perfil Scopus fragmentado u homonimia,NO_RESOLVER_AUTOMATICAMENTE,True,0.0,
P-04_nombre_con_multiples_scopus_id,alta,"Hartmann Schatloff, Dan","Hartmann Schatloff, Dan",58612624500|59093175300,perfil Scopus fragmentado u homonimia,NO_RESOLVER_AUTOMATICAMENTE,True,0.0,
P-04_nombre_con_multiples_scopus_id,alta,"Franco, Pamela","Franco, Pamela",57204045244|59390952700,perfil Scopus fragmentado u homonimia,NO_RESOLVER_AUTOMATICAMENTE,False,0.0,
P-04_nombre_con_multiples_scopus_id,alta,"Quezada, Mauricio","Quezada, Mauricio",56013972600|60138063800,perfil Scopus fragmentado u homonimia,NO_RESOLVER_AUTOMATICAMENTE,True,0.0,
P-04_nombre_con_multiples_scopus_id,alta,"Wolvius, Eppo","Wolvius, Eppo",57201454707|6602721170,perfil Scopus fragmentado u homonimia,NO_RESOLVER_AUTOMATICAMENTE,False,0.0,
P-04_nombre_con_multiples_scopus_id,alta,"Rojas, Dario","Rojas, Dario",57196001996|60585234300,perfil Scopus fragmentado u homonimia,NO_RESOLVER_AUTOMATICAMENTE,True,0.0,
P-04_nombre_con_multiples_scopus_id,alta,"Ibáñez, Agustín","Ibáñez, Agustín",55172691400|59795107500,perfil Scopus fragmentado u homonimia,NO_RESOLVER_AUTOMATICAMENTE,False,0.0,
P-04_nombre_con_multiples_scopus_id,alta,"Castillo, Oscar","Castillo, Oscar",60129542700|7007101727,perfil Scopus fragmentado u homonimia,NO_RESOLVER_AUTOMATICAMENTE,True,0.0,
P-04_nombre_con_multiples_scopus_id,alta,"Bressan, Rodrigo","Bressan, Rodrigo",57217026032|7005575041,perfil Scopus fragmentado u homonimia,NO_RESOLVER_AUTOMATICAMENTE,False,0.0,
P-04_nombre_con_multiples_scopus_id,alta,"Miyata, Jun","Miyata, Jun",35570650200|57226205586,perfil Scopus fragmentado u homonimia,NO_RESOLVER_AUTOMATICAMENTE,False,0.0,
P-04_nombre_con_multiples_scopus_id,alta,"Marques, Tiago Reis","Marques, Tiago Reis",54785084900|59663513800,perfil Scopus fragmentado u homonimia,NO_RESOLVER_AUTOMATICAMENTE,False,0.0,
P-04_nombre_con_multiples_scopus_id,alta,"Schumann, Gunter","Schumann, Gunter",57204862136|7103329271,perfil Scopus fragmentado u homonimia,NO_RESOLVER_AUTOMATICAMENTE,False,0.0,
P-04_nombre_con_multiples_scopus_id,alta,"Lin, John C.","Lin, John C.",56009348900|59503986900,perfil Scopus fragmentado u homonimia,NO_RESOLVER_AUTOMATICAMENTE,False,1.0,
P-05_scopus_id_con_multiples_nombres,media,56736590700,"Krishna Rao, Challa","Krishna Rao, Challa|Rao, Challa Krishna",variantes de firma bajo un mismo identificador,REVISAR_NORMALIZACION_DE_NOMBRE,,,
P-05_scopus_id_con_multiples_nombres,media,55785548400,"Yanine, Fernando","Yanine, Fernando|Yanine, Franco Fernando",variantes de firma bajo un mismo identificador,REVISAR_NORMALIZACION_DE_NOMBRE,,,
P-05_scopus_id_con_multiples_nombres,media,58289745500,"Bruna Mejias, Alejandro","Bruna Mejias, Alejandro|Bruna-Mejias, Alejandro|Bruna-Mejía, Alejandro|Bruna-Mejías, Alejandro",variantes de firma bajo un mismo identificador,REVISAR_NORMALIZACION_DE_NOMBRE,,,
P-05_scopus_id_con_multiples_nombres,media,59387918700,"Meneses Caroca, Trinidad","Meneses Caroca, Trinidad|Meneses-Caroca, Trinidad",variantes de firma bajo un mismo identificador,REVISAR_NORMALIZACION_DE_NOMBRE,,,
P-05_scopus_id_con_multiples_nombres,media,58553070900,"Nova Baeza, Pablo","Nova Baeza, Pablo|Nova-Baeza, Pablo",variantes de firma bajo un mismo identificador,REVISAR_NORMALIZACION_DE_NOMBRE,,,
P-05_scopus_id_con_multiples_nombres,media,57219486372,"Orellana Donoso, Mathias","Orellana Donoso, Mathias|Orellana-Donoso, Mathias|Orellana-Donoso, Mathias Ignacio",variantes de firma bajo un mismo identificador,REVISAR_NORMALIZACION_DE_NOMBRE,,,
P-05_scopus_id_con_multiples_nombres,media,57224768310,"Suazo Santibañez, Alejandra","Suazo Santibañez, Alejandra|Suazo-Santibañez, Alejandra|Suazo-Santibáñez, Alejandra",variantes de firma bajo un mismo identificador,REVISAR_NORMALIZACION_DE_NOMBRE,,,
P-05_scopus_id_con_multiples_nombres,media,7003900010,"Sanchis Gimeno, Juan","Sanchis Gimeno, Juan|Sanchis-Gimeno, Juan|Sanchis-Gimeno, Juan A.",variantes de firma bajo un mismo identificador,REVISAR_NORMALIZACION_DE_NOMBRE,,,
P-05_scopus_id_con_multiples_nombres,media,55365149800,"Valenzuela Fuenzalida, Juan Jose","Valenzuela Fuenzalida, Juan Jose|Valenzuela Fuenzalida, Juan José|Valenzuela-Fuenzalida, Juan Jose|Valenzuela-Fuenzalida, Juan José",variantes de firma bajo un mismo identificador,REVISAR_NORMALIZACION_DE_NOMBRE,,,
P-05_scopus_id_con_multiples_nombres,media,59158543100,"Ramirez, Paulina","Ramirez, Paulina|Ramírez, Paulina",variantes de firma bajo un mismo identificador,REVISAR_NORMALIZACION_DE_NOMBRE,,,
P-05_scopus_id_con_multiples_nombres,media,58509256700,"Giglio Jimenez, Andres","Giglio Jimenez, Andres|Giglio Jiménez, Andres|Giglio, Andres|Giglio, Andrés",variantes de firma bajo un mismo identificador,REVISAR_NORMALIZACION_DE_NOMBRE,,,
P-05_scopus_id_con_multiples_nombres,media,23089038400,"Lopez-Arana, Sandra","Lopez-Arana, Sandra|López Arana, Sandra|López-Arana, Sandra",variantes de firma bajo un mismo identificador,REVISAR_NORMALIZACION_DE_NOMBRE,,,
P-05_scopus_id_con_multiples_nombres,media,57196003508,"Ferre, Andres","Ferre, Andres|Ferre, Andrés",variantes de firma bajo un mismo identificador,REVISAR_NORMALIZACION_DE_NOMBRE,,,
P-05_scopus_id_con_multiples_nombres,media,57200188404,"Giordanino, Elián","Giordanino, Elián|Giordanino, Elián Facundo",variantes de firma bajo un mismo identificador,REVISAR_NORMALIZACION_DE_NOMBRE,,,
P-05_scopus_id_con_multiples_nombres,media,56076763200,"Castro, Mauricio","Castro, Mauricio|Castro-Sepulveda, Mauricio|Castro-Sepúlveda, M.|Castro-Sepúlveda, Mauricio",variantes de firma bajo un mismo identificador,REVISAR_NORMALIZACION_DE_NOMBRE,,,
P-05_scopus_id_con_multiples_nombres,media,55891096400,"Mendez-Rebolledo, Guillermo","Mendez-Rebolledo, Guillermo|Méndez-Rebolledo, Guillermo",variantes de firma bajo un mismo identificador,REVISAR_NORMALIZACION_DE_NOMBRE,,,
P-05_scopus_id_con_multiples_nombres,media,57222588237,"Chantler, Jennifer","Chantler, Jennifer|Chantler, Jennifer GM",variantes de firma bajo un mismo identificador,REVISAR_NORMALIZACION_DE_NOMBRE,,,
P-05_scopus_id_con_multiples_nombres,media,57203070356,"Jung, Ronald","Jung, Ronald|Jung, Ronald E|Jung, Ronald E.",variantes de firma bajo un mismo identificador,REVISAR_NORMALIZACION_DE_NOMBRE,,,
P-05_scopus_id_con_multiples_nombres,media,57130416100,"Strauss, Franz J","Strauss, Franz J|Strauss, Franz J.|Strauss, Franz Josef|Strauss, Franz-Josef",variantes de firma bajo un mismo identificador,REVISAR_NORMALIZACION_DE_NOMBRE,,,
P-05_scopus_id_con_multiples_nombres,media,23135572300,"Thoma, Daniel","Thoma, Daniel|Thoma, Daniel S.",variantes de firma bajo un mismo identificador,REVISAR_NORMALIZACION_DE_NOMBRE,,,
P-05_scopus_id_con_multiples_nombres,media,59731713300,"Sanhueza, M.Bernardita","Sanhueza, M.Bernardita|Sanhueza, María Bernardita",variantes de firma bajo un mismo identificador,REVISAR_NORMALIZACION_DE_NOMBRE,,,
P-05_scopus_id_con_multiples_nombres,media,59137082400,"Pizarro, Sebastian","Pizarro, Sebastian|Pizarro, Sebastián|Pizarro, Sebastián Ignacio",variantes de firma bajo un mismo identificador,REVISAR_NORMALIZACION_DE_NOMBRE,,,
P-05_scopus_id_con_multiples_nombres,media,57220042775,"Hernández, Luis Thielemann","Hernández, Luis Thielemann|Thielemann, Luis",variantes de firma bajo un mismo identificador,REVISAR_NORMALIZACION_DE_NOMBRE,,,
P-05_scopus_id_con_multiples_nombres,media,35195498000,"Diaz, Franco","Diaz, Franco|Díaz, Franco|Dıaz, Franco",variantes de firma bajo un mismo identificador,REVISAR_NORMALIZACION_DE_NOMBRE,,,
P-05_scopus_id_con_multiples_nombres,media,57218561165,"Vasquez-Hoyos, Pablo","Vasquez-Hoyos, Pablo|Vásquez-Hoyos, Pablo",variantes de firma bajo un mismo identificador,REVISAR_NORMALIZACION_DE_NOMBRE,,,
P-05_scopus_id_con_multiples_nombres,media,6602421035,"Pon, Steve","Pon, Steve|Pon, Steven",variantes de firma bajo un mismo identificador,REVISAR_NORMALIZACION_DE_NOMBRE,,,
P-05_scopus_id_con_multiples_nombres,media,57194757737,"Gonzalez-Dambrauskas, Sebastian","Gonzalez-Dambrauskas, Sebastian|González-Dambrauskas, Sebastián",variantes de firma bajo un mismo identificador,REVISAR_NORMALIZACION_DE_NOMBRE,,,
P-05_scopus_id_con_multiples_nombres,media,7003810041,"Rotta, Alex","Rotta, Alex|Rotta, Alexandre Tellechea",variantes de firma bajo un mismo identificador,REVISAR_NORMALIZACION_DE_NOMBRE,,,
P-05_scopus_id_con_multiples_nombres,media,57190610243,"Izquierdo, Ledys","Izquierdo, Ledys|Izquierdo, LedysMaria",variantes de firma bajo un mismo identificador,REVISAR_NORMALIZACION_DE_NOMBRE,,,
P-05_scopus_id_con_multiples_nombres,media,57204291378,"Lopez Alarcon, Yurika Paola","Lopez Alarcon, Yurika Paola|Lopez-Alarcon, Yurika",variantes de firma bajo un mismo identificador,REVISAR_NORMALIZACION_DE_NOMBRE,,,
P-05_scopus_id_con_multiples_nombres,media,58612624500,"Hartmann Schatloff, Dan","Hartmann Schatloff, Dan|Hartmann, Dan",variantes de firma bajo un mismo identificador,REVISAR_NORMALIZACION_DE_NOMBRE,,,
P-05_scopus_id_con_multiples_nombres,media,36996964200,"Cancino, Jorge","Cancino, Jorge|Cancino-Lopez, Jorge|Cancino-López, Jorge",variantes de firma bajo un mismo identificador,REVISAR_NORMALIZACION_DE_NOMBRE,,,
P-05_scopus_id_con_multiples_nombres,media,23010885100,"Zbinden-Foncea, H.","Zbinden-Foncea, H.|Zbinden-Foncea, Hermann",variantes de firma bajo un mismo identificador,REVISAR_NORMALIZACION_DE_NOMBRE,,,
P-05_scopus_id_con_multiples_nombres,media,35102305800,"Henriquez-Olguin, Carlos","Henriquez-Olguin, Carlos|Henriquez-Olguín, Carlos|Henríquez-Olguin, Carlos|Henríquez-Olguín, Carlos",variantes de firma bajo un mismo identificador,REVISAR_NORMALIZACION_DE_NOMBRE,,,
P-05_scopus_id_con_multiples_nombres,media,58107619600,"Baez Flores, Belen","Baez Flores, Belen|Baez Flores, Belén|Baez, Belen|Baez-Flores, Belén",variantes de firma bajo un mismo identificador,REVISAR_NORMALIZACION_DE_NOMBRE,,,
P-05_scopus_id_con_multiples_nombres,media,58620888800,"Leyton, Javiera","Leyton, Javiera|Silva, Javiera Leyton",variantes de firma bajo un mismo identificador,REVISAR_NORMALIZACION_DE_NOMBRE,,,
P-05_scopus_id_con_multiples_nombres,media,40560907000,"Becerra Farfan, Alvaro","Becerra Farfan, Alvaro|Becerra Farfán, Álvaro|Becerra-Farfan, Alvaro|Becerra-Farfan, Álvaro|Becerra-Farfán, Alvaro|Becerra-Farfán, Álvaro",variantes de firma bajo un mismo identificador,REVISAR_NORMALIZACION_DE_NOMBRE,,,
P-05_scopus_id_con_multiples_nombres,media,57216877387,"Gutiérrez-Pino, J.","Gutiérrez-Pino, J.|Gutiérrez-Pino, Juan",variantes de firma bajo un mismo identificador,REVISAR_NORMALIZACION_DE_NOMBRE,,,
P-05_scopus_id_con_multiples_nombres,media,59188418500,"Carriel-Nesvara, A.","Carriel-Nesvara, A.|Carriel-Nesvara, Alfonso",variantes de firma bajo un mismo identificador,REVISAR_NORMALIZACION_DE_NOMBRE,,,
P-05_scopus_id_con_multiples_nombres,media,57416791800,"Ceron, Maria L.","Ceron, Maria L.|Ceron, María Luisa|Cerón, María Luisa",variantes de firma bajo un mismo identificador,REVISAR_NORMALIZACION_DE_NOMBRE,,,
P-05_scopus_id_con_multiples_nombres,media,57201182805,"Dávila, Camila Moyano","Dávila, Camila Moyano|Moyano Davila, Camila|Moyano Dávila, Camila",variantes de firma bajo un mismo identificador,REVISAR_NORMALIZACION_DE_NOMBRE,,,
P-05_scopus_id_con_multiples_nombres,media,57357830000,"Alarcón Arcos, Samanta","Alarcón Arcos, Samanta|Alarcón-Arcos, Samanta",variantes de firma bajo un mismo identificador,REVISAR_NORMALIZACION_DE_NOMBRE,,,
P-05_scopus_id_con_multiples_nombres,media,54929856000,"Landskron, G.","Landskron, G.|Landskron, Glauben",variantes de firma bajo un mismo identificador,REVISAR_NORMALIZACION_DE_NOMBRE,,,
P-05_scopus_id_con_multiples_nombres,media,28767817600,"Lobos-Gonzalez, L.","Lobos-Gonzalez, L.|Lobos-González, Lorena",variantes de firma bajo un mismo identificador,REVISAR_NORMALIZACION_DE_NOMBRE,,,
P-05_scopus_id_con_multiples_nombres,media,59180378700,"Dominguez, Antonia","Dominguez, Antonia|Domínguez, Antonia",variantes de firma bajo un mismo identificador,REVISAR_NORMALIZACION_DE_NOMBRE,,,
P-05_scopus_id_con_multiples_nombres,media,23091751500,"López-K, Francisco","López-K, Francisco|López-Köstner, Francisco",variantes de firma bajo un mismo identificador,REVISAR_NORMALIZACION_DE_NOMBRE,,,
P-05_scopus_id_con_multiples_nombres,media,59271823300,"González, Carlos","González, Carlos|González, Carlos M.",variantes de firma bajo un mismo identificador,REVISAR_NORMALIZACION_DE_NOMBRE,,,
P-05_scopus_id_con_multiples_nombres,media,6603624468,"Hermoso, Marcela","Hermoso, Marcela|Hermoso, Marcela A.",variantes de firma bajo un mismo identificador,REVISAR_NORMALIZACION_DE_NOMBRE,,,
P-05_scopus_id_con_multiples_nombres,media,23090504600,"De la Fuente López, Marjorie","De la Fuente López, Marjorie|De la Fuente, Marjorie|De la fuente López, Marjorie|de la Fuente, Marjorie",variantes de firma bajo un mismo identificador,REVISAR_NORMALIZACION_DE_NOMBRE,,,
P-05_scopus_id_con_multiples_nombres,media,55942910500,"Mujika, Inigo","Mujika, Inigo|Mujika, Iñigo",variantes de firma bajo un mismo identificador,REVISAR_NORMALIZACION_DE_NOMBRE,,,
P-05_scopus_id_con_multiples_nombres,media,57223157908,"Gomez Barbieri, Gustavo","Gomez Barbieri, Gustavo|Gómez Barbieri, Gustavo",variantes de firma bajo un mismo identificador,REVISAR_NORMALIZACION_DE_NOMBRE,,,
P-05_scopus_id_con_multiples_nombres,media,51461053900,"Cortina, Abdul Hernández","Cortina, Abdul Hernández|Hernandez, Abdul|Hernández Cortina, Abdul",variantes de firma bajo un mismo identificador,REVISAR_NORMALIZACION_DE_NOMBRE,,,
P-05_scopus_id_con_multiples_nombres,media,58778630100,"Schlabs, Farina","Schlabs, Farina|Schlabs, Farina L.",variantes de firma bajo un mismo identificador,REVISAR_NORMALIZACION_DE_NOMBRE,,,
P-05_scopus_id_con_multiples_nombres,media,57204288650,"Meneses-Valdes, Roberto","Meneses-Valdes, Roberto|Meneses-Valdés, Roberto",variantes de firma bajo un mismo identificador,REVISAR_NORMALIZACION_DE_NOMBRE,,,
P-05_scopus_id_con_multiples_nombres,media,57218256582,"Richter, Erik A.","Richter, Erik A.|Richter, Erik Arne",variantes de firma bajo un mismo identificador,REVISAR_NORMALIZACION_DE_NOMBRE,,,
P-05_scopus_id_con_multiples_nombres,media,35511536800,"Jensen, Thomas E.","Jensen, Thomas E.|Jensen, Thomas Elbenhardt",variantes de firma bajo un mismo identificador,REVISAR_NORMALIZACION_DE_NOMBRE,,,
P-05_scopus_id_con_multiples_nombres,media,36025215000,"Galleguillos, R.","Galleguillos, R.|Galleguillos, Renato|Galleguillos, Renato B.",variantes de firma bajo un mismo identificador,REVISAR_NORMALIZACION_DE_NOMBRE,,,
P-05_scopus_id_con_multiples_nombres,media,6603646692,"Astudillo, Hernan","Astudillo, Hernan|Astudillo, Hernán",variantes de firma bajo un mismo identificador,REVISAR_NORMALIZACION_DE_NOMBRE,,,
P-05_scopus_id_con_multiples_nombres,media,59756663300,"Franchello, Marcos","Franchello, Marcos|Franchello, Marcos E.",variantes de firma bajo un mismo identificador,REVISAR_NORMALIZACION_DE_NOMBRE,,,
P-05_scopus_id_con_multiples_nombres,media,6506471962,"Galgani, Jose E.","Galgani, Jose E.|Galgani, José Eduardo",variantes de firma bajo un mismo identificador,REVISAR_NORMALIZACION_DE_NOMBRE,,,
P-05_scopus_id_con_multiples_nombres,media,57215089347,"Duarte, Lissette","Duarte, Lissette|Duarte-Silva, Lissette",variantes de firma bajo un mismo identificador,REVISAR_NORMALIZACION_DE_NOMBRE,,,
P-05_scopus_id_con_multiples_nombres,media,7007101727,"Castillo Valenzuela, Oscar","Castillo Valenzuela, Oscar|Castillo, Oscar|Castillo-Valenzuela, Oscar",variantes de firma bajo un mismo identificador,REVISAR_NORMALIZACION_DE_NOMBRE,,,
P-05_scopus_id_con_multiples_nombres,media,56404649500,"Arenas-Massa, Angela","Arenas-Massa, Angela|Arenas-Massa, Ángela",variantes de firma bajo un mismo identificador,REVISAR_NORMALIZACION_DE_NOMBRE,,,
P-05_scopus_id_con_multiples_nombres,media,56888369100,"Diaz, Luis Antonio","Diaz, Luis Antonio|Díaz, Luis Antonio",variantes de firma bajo un mismo identificador,REVISAR_NORMALIZACION_DE_NOMBRE,,,
P-05_scopus_id_con_multiples_nombres,media,57035178000,"Verdugo, Fernando","Verdugo, Fernando|Verdugo, Fernando J.",variantes de firma bajo un mismo identificador,REVISAR_NORMALIZACION_DE_NOMBRE,,,
P-05_scopus_id_con_multiples_nombres,media,57214719765,"Leon-Rojas, Jose E.","Leon-Rojas, Jose E.|León Rojas, Jose E.|León-Rojas, Jose E.|León-Rojas, José E.",variantes de firma bajo un mismo identificador,REVISAR_NORMALIZACION_DE_NOMBRE,,,
P-05_scopus_id_con_multiples_nombres,media,6602688638,"Pérez-Correa, José R.","Pérez-Correa, José R.|Pérez-Correa, José Ricardo",variantes de firma bajo un mismo identificador,REVISAR_NORMALIZACION_DE_NOMBRE,,,
P-05_scopus_id_con_multiples_nombres,media,55386795700,"Mariotti-Celis, María Salomé","Mariotti-Celis, María Salomé|Mariotti-Cellis, María Salomé|Salomé Mariotti Celis, María",variantes de firma bajo un mismo identificador,REVISAR_NORMALIZACION_DE_NOMBRE,,,
P-05_scopus_id_con_multiples_nombres,media,58169838100,"Martínez Hernández, Daniela","Martínez Hernández, Daniela|Martínez-Hernández, Daniela",variantes de firma bajo un mismo identificador,REVISAR_NORMALIZACION_DE_NOMBRE,,,
P-05_scopus_id_con_multiples_nombres,media,36144332500,"Gutierrez-Espinoza, Hector","Gutierrez-Espinoza, Hector|Gutierrez-Espinoza, Héctor|Gutiérrez Espinoza, Héctor|Gutiérrez-Espinoza, Héctor",variantes de firma bajo un mismo identificador,REVISAR_NORMALIZACION_DE_NOMBRE,,,
P-05_scopus_id_con_multiples_nombres,media,57209027307,"Casals-Hill, Andrea","Casals-Hill, Andrea|Hill, Andrea Casals",variantes de firma bajo un mismo identificador,REVISAR_NORMALIZACION_DE_NOMBRE,,,
P-05_scopus_id_con_multiples_nombres,media,55554207700,"Simón, L.","Simón, L.|Simón, Layla",variantes de firma bajo un mismo identificador,REVISAR_NORMALIZACION_DE_NOMBRE,,,
P-05_scopus_id_con_multiples_nombres,media,13806185900,"Quest, A.F.G.","Quest, A.F.G.|Quest, Andrew F. G.|Quest, Andrew F.G.",variantes de firma bajo un mismo identificador,REVISAR_NORMALIZACION_DE_NOMBRE,,,
P-05_scopus_id_con_multiples_nombres,media,57202015946,"Ali, Mona S.","Ali, Mona S.|Ali, Mona Sadek",variantes de firma bajo un mismo identificador,REVISAR_NORMALIZACION_DE_NOMBRE,,,
P-05_scopus_id_con_multiples_nombres,media,57201997720,"Raun, Steffen H.","Raun, Steffen H.|Raun, Steffen Henning",variantes de firma bajo un mismo identificador,REVISAR_NORMALIZACION_DE_NOMBRE,,,
P-05_scopus_id_con_multiples_nombres,media,15844890900,"Andersen, Nicoline R.","Andersen, Nicoline R.|Andersen, Nicoline Resen",variantes de firma bajo un mismo identificador,REVISAR_NORMALIZACION_DE_NOMBRE,,,
P-05_scopus_id_con_multiples_nombres,media,56693982800,"Knudsen, Jonas R.","Knudsen, Jonas R.|Knudsen, Jonas Roland",variantes de firma bajo un mismo identificador,REVISAR_NORMALIZACION_DE_NOMBRE,,,
P-05_scopus_id_con_multiples_nombres,media,55866284800,"Williams Oyarce, Carolina","Williams Oyarce, Carolina|Williams, Carolina",variantes de firma bajo un mismo identificador,REVISAR_NORMALIZACION_DE_NOMBRE,,,
P-05_scopus_id_con_multiples_nombres,media,60042606100,"Sanchez-Duque, Carmen Gloria","Sanchez-Duque, Carmen Gloria|Sánchez-Duque, Carmen",variantes de firma bajo un mismo identificador,REVISAR_NORMALIZACION_DE_NOMBRE,,,
P-05_scopus_id_con_multiples_nombres,media,57203117237,"Barros Rodriguez, Francisco","Barros Rodriguez, Francisco|Barros-Rodríguez, Francisco",variantes de firma bajo un mismo identificador,REVISAR_NORMALIZACION_DE_NOMBRE,,,
P-05_scopus_id_con_multiples_nombres,media,6603440858,"Valdes-Sosa, Pedro","Valdes-Sosa, Pedro|Valdes-Sosa, Pedro A.",variantes de firma bajo un mismo identificador,REVISAR_NORMALIZACION_DE_NOMBRE,,,
P-05_scopus_id_con_multiples_nombres,media,59344950900,"Bravo, Vicente Silva","Bravo, Vicente Silva|Silva-Bravo, Vicente",variantes de firma bajo un mismo identificador,REVISAR_NORMALIZACION_DE_NOMBRE,,,
P-05_scopus_id_con_multiples_nombres,media,59344837800,"Moyano Valarezo, Laura","Moyano Valarezo, Laura|Moyano-Valarezo, Laura|Valarezo, Laura Moyano",variantes de firma bajo un mismo identificador,REVISAR_NORMALIZACION_DE_NOMBRE,,,
P-05_scopus_id_con_multiples_nombres,media,59196603200,"Delgado Retamal, María Fernanda","Delgado Retamal, María Fernanda|Delgado-Retamal, Maria Fernanda|Delgado-Retamal, María Fernanda",variantes de firma bajo un mismo identificador,REVISAR_NORMALIZACION_DE_NOMBRE,,,
P-05_scopus_id_con_multiples_nombres,media,24402097000,"Reccius, Andres","Reccius, Andres|Reccius, Andrés",variantes de firma bajo un mismo identificador,REVISAR_NORMALIZACION_DE_NOMBRE,,,
P-05_scopus_id_con_multiples_nombres,media,24400395100,"Vasquez, Fabian","Vasquez, Fabian|Vergara, Fabián Vásquez|Vásquez, Fabián",variantes de firma bajo un mismo identificador,REVISAR_NORMALIZACION_DE_NOMBRE,,,
P-05_scopus_id_con_multiples_nombres,media,56340923000,"Aguirre, Juan","Aguirre, Juan|Aguirre, Juan M.|Aguirre, Juan Manuel",variantes de firma bajo un mismo identificador,REVISAR_NORMALIZACION_DE_NOMBRE,,,
P-05_scopus_id_con_multiples_nombres,media,57357613200,"Vasquez, Javiera","Vasquez, Javiera|Vásquez, Javiera",variantes de firma bajo un mismo identificador,REVISAR_NORMALIZACION_DE_NOMBRE,,,
P-05_scopus_id_con_multiples_nombres,media,56585638200,"Mena, Cristian","Mena, Cristian|Mena, Cristián",variantes de firma bajo un mismo identificador,REVISAR_NORMALIZACION_DE_NOMBRE,,,
P-05_scopus_id_con_multiples_nombres,media,57200700620,"Tepper, Angeles","Tepper, Angeles|Tepper, Ángeles",variantes de firma bajo un mismo identificador,REVISAR_NORMALIZACION_DE_NOMBRE,,,
P-05_scopus_id_con_multiples_nombres,media,57200423788,"Ramirez-Mahaluf, Juan P.","Ramirez-Mahaluf, Juan P.|Ramirez-Mahaluf, Juan Pablo|Ramírez-Mahaluf, Juan Pablo",variantes de firma bajo un mismo identificador,REVISAR_NORMALIZACION_DE_NOMBRE,,,
P-05_scopus_id_con_multiples_nombres,media,56768082900,"Nachar, Ruben","Nachar, Ruben|Nachar, Rubén",variantes de firma bajo un mismo identificador,REVISAR_NORMALIZACION_DE_NOMBRE,,,
P-05_scopus_id_con_multiples_nombres,media,56586062200,"Gonzalez- Valderrama, Alfonso","Gonzalez- Valderrama, Alfonso|Gonzalez-Valderrama, Alfonso|González, Alfonso|González-Valderrama, Alfonso",variantes de firma bajo un mismo identificador,REVISAR_NORMALIZACION_DE_NOMBRE,,,
P-05_scopus_id_con_multiples_nombres,media,57195366510,"Crossley, Nicolas","Crossley, Nicolas|Crossley, Nicolas A.|Crossley, Nicolás",variantes de firma bajo un mismo identificador,REVISAR_NORMALIZACION_DE_NOMBRE,,,
P-05_scopus_id_con_multiples_nombres,media,57931222900,"Luengo, Macarena Rodriguez","Luengo, Macarena Rodriguez|Rodriguez-Luengo, Macarena|Rodríguez-Luengo, Macarena",variantes de firma bajo un mismo identificador,REVISAR_NORMALIZACION_DE_NOMBRE,,,
P-05_scopus_id_con_multiples_nombres,media,58289745600,"Loyola-Sepulveda, Walter","Loyola-Sepulveda, Walter|Sepulveda-Loyola, Walter|Sepúlveda-Loyola, Walter",variantes de firma bajo un mismo identificador,REVISAR_NORMALIZACION_DE_NOMBRE,,,
P-05_scopus_id_con_multiples_nombres,media,58677390900,"Trujillo-Riveros, Martin","Trujillo-Riveros, Martin|Trujillo-Riveros, Martín",variantes de firma bajo un mismo identificador,REVISAR_NORMALIZACION_DE_NOMBRE,,,
P-05_scopus_id_con_multiples_nombres,media,56496442100,"Møller, Lisbeth L. V.","Møller, Lisbeth L. V.|Møller, Lisbeth L.V.",variantes de firma bajo un mismo identificador,REVISAR_NORMALIZACION_DE_NOMBRE,,,
P-05_scopus_id_con_multiples_nombres,media,58142735700,"Rojas-Saffie, Juan Pablo","Rojas-Saffie, Juan Pablo|Saffie, Juan Pablo Rojas",variantes de firma bajo un mismo identificador,REVISAR_NORMALIZACION_DE_NOMBRE,,,
P-05_scopus_id_con_multiples_nombres,media,16745083000,"Pedreros, Cesar","Pedreros, Cesar|Pedreros, César",variantes de firma bajo un mismo identificador,REVISAR_NORMALIZACION_DE_NOMBRE,,,
P-05_scopus_id_con_multiples_nombres,media,59249254000,"González, Angelo","González, Angelo|González, Ángelo",variantes de firma bajo un mismo identificador,REVISAR_NORMALIZACION_DE_NOMBRE,,,
P-05_scopus_id_con_multiples_nombres,media,57239930100,"Mansilla, Katherine Y.","Mansilla, Katherine Y.|Mansilla-Obando, Katherine",variantes de firma bajo un mismo identificador,REVISAR_NORMALIZACION_DE_NOMBRE,,,
P-05_scopus_id_con_multiples_nombres,media,22955162900,"Hasbun, Pablo","Hasbun, Pablo|Hasbún, Pablo",variantes de firma bajo un mismo identificador,REVISAR_NORMALIZACION_DE_NOMBRE,,,
P-05_scopus_id_con_multiples_nombres,media,59256319400,"Garcia, Javiera","Garcia, Javiera|García, Javiera",variantes de firma bajo un mismo identificador,REVISAR_NORMALIZACION_DE_NOMBRE,,,
P-05_scopus_id_con_multiples_nombres,media,59255845000,"Galleguillos, María","Galleguillos, María|Galleguillos, María José",variantes de firma bajo un mismo identificador,REVISAR_NORMALIZACION_DE_NOMBRE,,,
P-05_scopus_id_con_multiples_nombres,media,57219974220,"Valero-Breton, M.","Valero-Breton, M.|Valero-Breton, Mayalen",variantes de firma bajo un mismo identificador,REVISAR_NORMALIZACION_DE_NOMBRE,,,
P-05_scopus_id_con_multiples_nombres,media,56924568900,"Soto, Jorge","Soto, Jorge|Soto, Jorge A.",variantes de firma bajo un mismo identificador,REVISAR_NORMALIZACION_DE_NOMBRE,,,
P-05_scopus_id_con_multiples_nombres,media,14031429600,"Elorza, Alvaro A.","Elorza, Alvaro A.|Elorza, Álvaro A.",variantes de firma bajo un mismo identificador,REVISAR_NORMALIZACION_DE_NOMBRE,,,
P-05_scopus_id_con_multiples_nombres,media,57209913457,"Olivares Gálvez, Mariela","Olivares Gálvez, Mariela|Olivares-Galvez, Mariela",variantes de firma bajo un mismo identificador,REVISAR_NORMALIZACION_DE_NOMBRE,,,
P-05_scopus_id_con_multiples_nombres,media,25638877600,"Luengas Tello, Rafael","Luengas Tello, Rafael|Luengas, Rafael",variantes de firma bajo un mismo identificador,REVISAR_NORMALIZACION_DE_NOMBRE,,,
P-05_scopus_id_con_multiples_nombres,media,57209908331,"Pino, Johanna","Pino, Johanna|Pino-Zuñiga, Johanna|Pino-Zúñiga, Johanna",variantes de firma bajo un mismo identificador,REVISAR_NORMALIZACION_DE_NOMBRE,,,
P-05_scopus_id_con_multiples_nombres,media,57214773641,"Diaz, Camila","Diaz, Camila|Díaz, Camila",variantes de firma bajo un mismo identificador,REVISAR_NORMALIZACION_DE_NOMBRE,,,
P-05_scopus_id_con_multiples_nombres,media,57204092789,"Undurraga, Eduardo A","Undurraga, Eduardo A|Undurraga, Eduardo A.",variantes de firma bajo un mismo identificador,REVISAR_NORMALIZACION_DE_NOMBRE,,,
P-05_scopus_id_con_multiples_nombres,media,58979787500,"Gómez, Gustavo","Gómez, Gustavo|Gómez, Gustavo G.",variantes de firma bajo un mismo identificador,REVISAR_NORMALIZACION_DE_NOMBRE,,,
P-05_scopus_id_con_multiples_nombres,media,57190952865,"Morán, Javier","Morán, Javier|Morán-Kneer, Javier",variantes de firma bajo un mismo identificador,REVISAR_NORMALIZACION_DE_NOMBRE,,,
P-05_scopus_id_con_multiples_nombres,media,57218391144,"Vasquez-Muñoz, Manuel","Vasquez-Muñoz, Manuel|Vásquez-Muñoz, Manuel",variantes de firma bajo un mismo identificador,REVISAR_NORMALIZACION_DE_NOMBRE,,,
P-05_scopus_id_con_multiples_nombres,media,57376490600,"Arazo, Migdalia Caridad Rusindo","Arazo, Migdalia Caridad Rusindo|Arazo-Rusindo, Migdalia|Arazo-Rusindo, Migdalia Caridad",variantes de firma bajo un mismo identificador,REVISAR_NORMALIZACION_DE_NOMBRE,,,
P-05_scopus_id_con_multiples_nombres,media,57440347900,"Santana-Machuca, Andres","Santana-Machuca, Andres|Santana-Machuca, Andrés",variantes de firma bajo un mismo identificador,REVISAR_NORMALIZACION_DE_NOMBRE,,,
P-05_scopus_id_con_multiples_nombres,media,59753605100,"Jimenez, Andrés Giglio","Jimenez, Andrés Giglio|Jiménez, Andrés Giglio",variantes de firma bajo un mismo identificador,REVISAR_NORMALIZACION_DE_NOMBRE,,,
P-05_scopus_id_con_multiples_nombres,media,57434673700,"Andrades-Ramirez, Oscar","Andrades-Ramirez, Oscar|Andrades-Ramírez, Oscar",variantes de firma bajo un mismo identificador,REVISAR_NORMALIZACION_DE_NOMBRE,,,
P-05_scopus_id_con_multiples_nombres,media,21738958900,"Adsuar, José","Adsuar, José|Adsuar, José Carmelo",variantes de firma bajo un mismo identificador,REVISAR_NORMALIZACION_DE_NOMBRE,,,
P-05_scopus_id_con_multiples_nombres,media,57196234545,"Farias-Valenzuela, Claudio","Farias-Valenzuela, Claudio|Farías-Valenzuela, Claudio",variantes de firma bajo un mismo identificador,REVISAR_NORMALIZACION_DE_NOMBRE,,,
P-05_scopus_id_con_multiples_nombres,media,7003311362,"Letelier, Juan Carlos","Letelier, Juan Carlos|Letelier, Juan-Carlos",variantes de firma bajo un mismo identificador,REVISAR_NORMALIZACION_DE_NOMBRE,,,
P-05_scopus_id_con_multiples_nombres,media,57212759402,"Avilès Dorlhiac, Raimundo","Avilès Dorlhiac, Raimundo|Avilés-Dorlhiac, Raimundo",variantes de firma bajo un mismo identificador,REVISAR_NORMALIZACION_DE_NOMBRE,,,
P-05_scopus_id_con_multiples_nombres,media,35218763300,"Baker, Julien S","Baker, Julien S|Baker, Julien S.",variantes de firma bajo un mismo identificador,REVISAR_NORMALIZACION_DE_NOMBRE,,,
P-05_scopus_id_con_multiples_nombres,media,6503873361,"Ugbolue, Ukadike C","Ugbolue, Ukadike C|Ugbolue, Ukadike Chris",variantes de firma bajo un mismo identificador,REVISAR_NORMALIZACION_DE_NOMBRE,,,
P-05_scopus_id_con_multiples_nombres,media,57204136076,"Valdes-Orrego, Iván","Valdes-Orrego, Iván|Valdés-Orrego, Iván",variantes de firma bajo un mismo identificador,REVISAR_NORMALIZACION_DE_NOMBRE,,,
P-05_scopus_id_con_multiples_nombres,media,58088132900,"Martínez, Mónica","Martínez, Mónica|Martínez, Mónica M.",variantes de firma bajo un mismo identificador,REVISAR_NORMALIZACION_DE_NOMBRE,,,
P-05_scopus_id_con_multiples_nombres,media,59169671800,"Alcaíno Adasme, Catalina","Alcaíno Adasme, Catalina|Alcaíno-Adasme, Catalina",variantes de firma bajo un mismo identificador,REVISAR_NORMALIZACION_DE_NOMBRE,,,
P-05_scopus_id_con_multiples_nombres,media,25823198800,"Iñiguez C., Magaly","Iñiguez C., Magaly|Iñiguez, Magaly",variantes de firma bajo un mismo identificador,REVISAR_NORMALIZACION_DE_NOMBRE,,,
P-05_scopus_id_con_multiples_nombres,media,57194413591,"Gomez, David Santibdnez","Gomez, David Santibdnez|Santibáñez, David",variantes de firma bajo un mismo identificador,REVISAR_NORMALIZACION_DE_NOMBRE,,,
P-05_scopus_id_con_multiples_nombres,media,58169838200,"Perez-Jimenez, Daniela","Perez-Jimenez, Daniela|Perez-Jiménez, Daniela|Pérez-Jiménez, Daniela",variantes de firma bajo un mismo identificador,REVISAR_NORMALIZACION_DE_NOMBRE,,,
P-05_scopus_id_con_multiples_nombres,media,57188672913,"Foxley, Verónica Gubbins","Foxley, Verónica Gubbins|Gubbins, Verónica|Gubbins-Foxley, Verónica",variantes de firma bajo un mismo identificador,REVISAR_NORMALIZACION_DE_NOMBRE,,,
P-05_scopus_id_con_multiples_nombres,media,57195225277,"Huamán-Castilla, Nils L.","Huamán-Castilla, Nils L.|Huamán-Castilla, Nils Leander",variantes de firma bajo un mismo identificador,REVISAR_NORMALIZACION_DE_NOMBRE,,,
P-05_scopus_id_con_multiples_nombres,media,57223926706,"Luque-Vilca, Olivia M.","Luque-Vilca, Olivia M.|Luque-Vilca, Olivia Magaly",variantes de firma bajo un mismo identificador,REVISAR_NORMALIZACION_DE_NOMBRE,,,
P-05_scopus_id_con_multiples_nombres,media,57223937622,"León-Calvo, Nilton C.","León-Calvo, Nilton C.|León-Calvo, Nilton Cesar",variantes de firma bajo un mismo identificador,REVISAR_NORMALIZACION_DE_NOMBRE,,,
P-05_scopus_id_con_multiples_nombres,media,57317659600,"Nuñez-Lisboa, Mario","Nuñez-Lisboa, Mario|Nùñez-Lisboa, M.|Núnez-Lisboa, M.|Núñez-Lisboa, M.N.|Núñez-Lisboa, Mario",variantes de firma bajo un mismo identificador,REVISAR_NORMALIZACION_DE_NOMBRE,,,
P-05_scopus_id_con_multiples_nombres,media,56780131300,"Dewolf, A.H.","Dewolf, A.H.|Dewolf, Arthur|Dewolf, Arthur H.",variantes de firma bajo un mismo identificador,REVISAR_NORMALIZACION_DE_NOMBRE,,,
P-05_scopus_id_con_multiples_nombres,media,59469626700,"Valdivia-Arroyo, Rocio","Valdivia-Arroyo, Rocio|Valdivia-Arroyo, Rocío",variantes de firma bajo un mismo identificador,REVISAR_NORMALIZACION_DE_NOMBRE,,,
P-05_scopus_id_con_multiples_nombres,media,59216375900,"Becerra-Rodriguez, Emelyn Sofia","Becerra-Rodriguez, Emelyn Sofia|Becerra-Rodríguez, Emelyn Sofia",variantes de firma bajo un mismo identificador,REVISAR_NORMALIZACION_DE_NOMBRE,,,
P-05_scopus_id_con_multiples_nombres,media,17734692100,"Ivanenko, Y.","Ivanenko, Y.|Ivanenko, Yury",variantes de firma bajo un mismo identificador,REVISAR_NORMALIZACION_DE_NOMBRE,,,
P-05_scopus_id_con_multiples_nombres,media,7006810666,"Lacquaniti, F.","Lacquaniti, F.|Lacquaniti, Francesco",variantes de firma bajo un mismo identificador,REVISAR_NORMALIZACION_DE_NOMBRE,,,
P-05_scopus_id_con_multiples_nombres,media,58557295400,"Del-Río, Javiera","Del-Río, Javiera|del Rio, Javiera",variantes de firma bajo un mismo identificador,REVISAR_NORMALIZACION_DE_NOMBRE,,,
P-05_scopus_id_con_multiples_nombres,media,58532084000,"Jorquera-Diaz, Jorge","Jorquera-Diaz, Jorge|Jorquera-Díaz, Jorge",variantes de firma bajo un mismo identificador,REVISAR_NORMALIZACION_DE_NOMBRE,,,
P-05_scopus_id_con_multiples_nombres,media,57713608100,"Crisóstomo Flores, Paz","Crisóstomo Flores, Paz|Crisóstomo-Flores, Paz|Flores, Paz Crisóstomo",variantes de firma bajo un mismo identificador,REVISAR_NORMALIZACION_DE_NOMBRE,,,
P-05_scopus_id_con_multiples_nombres,media,56204920800,"Benites, Martin","Benites, Martin|Benites, Martín H.",variantes de firma bajo un mismo identificador,REVISAR_NORMALIZACION_DE_NOMBRE,,,
P-05_scopus_id_con_multiples_nombres,media,58066239700,"Goyo, Manuel","Goyo, Manuel|Goyo, Manuel Alejandro",variantes de firma bajo un mismo identificador,REVISAR_NORMALIZACION_DE_NOMBRE,,,
P-05_scopus_id_con_multiples_nombres,media,59216718800,"Escalona Manzo, Catalina","Escalona Manzo, Catalina|Escalona-Manzo, Catalina",variantes de firma bajo un mismo identificador,REVISAR_NORMALIZACION_DE_NOMBRE,,,
P-05_scopus_id_con_multiples_nombres,media,12774513500,"Wojtaszewski, Jørgen F. P.","Wojtaszewski, Jørgen F. P.|Wojtaszewski, Jørgen F.P.|Wojtaszewski, Jørgen Frank Pind",variantes de firma bajo un mismo identificador,REVISAR_NORMALIZACION_DE_NOMBRE,,,
P-05_scopus_id_con_multiples_nombres,media,55884631100,"Loyola, Manuel","Loyola, Manuel|Loyola, Manuel T.|Loyola, Manuel Tapia",variantes de firma bajo un mismo identificador,REVISAR_NORMALIZACION_DE_NOMBRE,,,
P-05_scopus_id_con_multiples_nombres,media,56976276800,"Letelier Widow, Gonzalo","Letelier Widow, Gonzalo|Widow, Gonzalo Letelier",variantes de firma bajo un mismo identificador,REVISAR_NORMALIZACION_DE_NOMBRE,,,
P-05_scopus_id_con_multiples_nombres,media,57226227863,"Regueira, Tomas E.","Regueira, Tomas E.|Regueira, Tomás",variantes de firma bajo un mismo identificador,REVISAR_NORMALIZACION_DE_NOMBRE,,,
P-05_scopus_id_con_multiples_nombres,media,58904053100,"Roman, Camila","Roman, Camila|Román, Camila",variantes de firma bajo un mismo identificador,REVISAR_NORMALIZACION_DE_NOMBRE,,,
P-05_scopus_id_con_multiples_nombres,media,26634777800,"Chamorro Melo, Rodrigo","Chamorro Melo, Rodrigo|Chamorro, Rodrigo",variantes de firma bajo un mismo identificador,REVISAR_NORMALIZACION_DE_NOMBRE,,,
P-05_scopus_id_con_multiples_nombres,media,57339772200,"Amarouch García, Ismael","Amarouch García, Ismael|Amarouch, Ismael|García, Ismael Amarouch",variantes de firma bajo un mismo identificador,REVISAR_NORMALIZACION_DE_NOMBRE,,,
P-05_scopus_id_con_multiples_nombres,media,27368060300,"Jorquera, Carlos","Jorquera, Carlos|Jorquera-Aguilera, Carlos",variantes de firma bajo un mismo identificador,REVISAR_NORMALIZACION_DE_NOMBRE,,,
P-05_scopus_id_con_multiples_nombres,media,58417786400,"Baeza, Pablo","Baeza, Pablo|Baeza, Pablo I.",variantes de firma bajo un mismo identificador,REVISAR_NORMALIZACION_DE_NOMBRE,,,
P-05_scopus_id_con_multiples_nombres,media,57218242968,"Hernandez-Jaña, Sam","Hernandez-Jaña, Sam|Hernández-Jaña, Sam",variantes de firma bajo un mismo identificador,REVISAR_NORMALIZACION_DE_NOMBRE,,,
P-05_scopus_id_con_multiples_nombres,media,57191579754,"Echeverria, Francisca","Echeverria, Francisca|Echeverría, Francisca",variantes de firma bajo un mismo identificador,REVISAR_NORMALIZACION_DE_NOMBRE,,,
P-05_scopus_id_con_multiples_nombres,media,16318014100,"Valenzuela Báez, Rodrigo","Valenzuela Báez, Rodrigo|Valenzuela, Rodrigo",variantes de firma bajo un mismo identificador,REVISAR_NORMALIZACION_DE_NOMBRE,,,
P-05_scopus_id_con_multiples_nombres,media,57188743733,"Silva, Angelica Kika","Silva, Angelica Kika|Silva-Figueroa, Angelica M.",variantes de firma bajo un mismo identificador,REVISAR_NORMALIZACION_DE_NOMBRE,,,
P-05_scopus_id_con_multiples_nombres,media,58559429200,"Larrañaga, Matias","Larrañaga, Matias|Larrañaga, Matías",variantes de firma bajo un mismo identificador,REVISAR_NORMALIZACION_DE_NOMBRE,,,
P-05_scopus_id_con_multiples_nombres,media,9241266900,"Salvadó, José A.","Salvadó, José A.|Salvadó, José Antonio",variantes de firma bajo un mismo identificador,REVISAR_NORMALIZACION_DE_NOMBRE,,,
P-05_scopus_id_con_multiples_nombres,media,57190753555,"Contreras, P.","Contreras, P.|Contreras, Pamela",variantes de firma bajo un mismo identificador,REVISAR_NORMALIZACION_DE_NOMBRE,,,
P-05_scopus_id_con_multiples_nombres,media,6603367400,"Leyton, L.","Leyton, L.|Leyton, Lisette",variantes de firma bajo un mismo identificador,REVISAR_NORMALIZACION_DE_NOMBRE,,,
P-05_scopus_id_con_multiples_nombres,media,55579349200,"Testa, Enrique Adrian","Testa, Enrique Adrian|Testa, Enrique Adrián",variantes de firma bajo un mismo identificador,REVISAR_NORMALIZACION_DE_NOMBRE,,,
P-05_scopus_id_con_multiples_nombres,media,22980853100,"Poggio Cano, Daniel","Poggio Cano, Daniel|Poggio-Cano, Daniel",variantes de firma bajo un mismo identificador,REVISAR_NORMALIZACION_DE_NOMBRE,,,
P-05_scopus_id_con_multiples_nombres,media,54402938900,"Garcia Elvira, Ruben","Garcia Elvira, Ruben|Garcia-Elvira, Rubén",variantes de firma bajo un mismo identificador,REVISAR_NORMALIZACION_DE_NOMBRE,,,
P-05_scopus_id_con_multiples_nombres,media,58070104900,"Riquelme, Pablo Ruiz","Riquelme, Pablo Ruiz|Ruiz Riquelme, Pablo|Ruiz-Riquelme, P.|Ruiz-Riquelme, Pablo",variantes de firma bajo un mismo identificador,REVISAR_NORMALIZACION_DE_NOMBRE,,,
P-05_scopus_id_con_multiples_nombres,media,57192432692,"Figueroa, Esteban","Figueroa, Esteban|Figueroa, Esteban G.",variantes de firma bajo un mismo identificador,REVISAR_NORMALIZACION_DE_NOMBRE,,,
P-05_scopus_id_con_multiples_nombres,media,57832434200,"Prieto, Ismael Tabilo","Prieto, Ismael Tabilo|Tabilo Prieto, Ismael|Tabilo-Prieto, Ismael",variantes de firma bajo un mismo identificador,REVISAR_NORMALIZACION_DE_NOMBRE,,,
P-05_scopus_id_con_multiples_nombres,media,57216532537,"Monteverde-Fernandez, Nicolas","Monteverde-Fernandez, Nicolas|Monteverde-Fernández, Nicolas|Monteverde-Fernández, Nicolás",variantes de firma bajo un mismo identificador,REVISAR_NORMALIZACION_DE_NOMBRE,,,
P-05_scopus_id_con_multiples_nombres,media,53163308500,"Carvajal, Cristobal","Carvajal, Cristobal|Carvajal, Cristóbal",variantes de firma bajo un mismo identificador,REVISAR_NORMALIZACION_DE_NOMBRE,,,
P-05_scopus_id_con_multiples_nombres,media,58555930100,"Montero-Orellana, María J.","Montero-Orellana, María J.|Montero-Orellana, María José",variantes de firma bajo un mismo identificador,REVISAR_NORMALIZACION_DE_NOMBRE,,,
P-05_scopus_id_con_multiples_nombres,media,55953937700,"Dagnino-Subiabre, A.","Dagnino-Subiabre, A.|Dagnino-Subiabre, Alexies",variantes de firma bajo un mismo identificador,REVISAR_NORMALIZACION_DE_NOMBRE,,,
P-05_scopus_id_con_multiples_nombres,media,6603548237,"Volkmann, Ulrich G.","Volkmann, Ulrich G.|Volkmann, Ulrich Georg",variantes de firma bajo un mismo identificador,REVISAR_NORMALIZACION_DE_NOMBRE,,,
P-05_scopus_id_con_multiples_nombres,media,57210948470,"Sepulveda, Carlos","Sepulveda, Carlos|Sepúlveda, Carlos",variantes de firma bajo un mismo identificador,REVISAR_NORMALIZACION_DE_NOMBRE,,,
P-05_scopus_id_con_multiples_nombres,media,6506571236,"Cavada Chacón, Gabriel","Cavada Chacón, Gabriel|Cavada, Gabriel",variantes de firma bajo un mismo identificador,REVISAR_NORMALIZACION_DE_NOMBRE,,,
P-05_scopus_id_con_multiples_nombres,media,57201276532,"Gonzalez-Gomez, Raul","Gonzalez-Gomez, Raul|Gonzalez-Gomez, Raúl|González-Gómez, Raúl",variantes de firma bajo un mismo identificador,REVISAR_NORMALIZACION_DE_NOMBRE,,,
P-05_scopus_id_con_multiples_nombres,media,26535882200,"Campo, Cecilia Gonzalez","Campo, Cecilia Gonzalez|Gonzalez Campo, Cecilia|González Campo, Cecilia",variantes de firma bajo un mismo identificador,REVISAR_NORMALIZACION_DE_NOMBRE,,,
P-05_scopus_id_con_multiples_nombres,media,57194781593,"Moguilner, Sebastian","Moguilner, Sebastian|Moguilner, Sebastián",variantes de firma bajo un mismo identificador,REVISAR_NORMALIZACION_DE_NOMBRE,,,
P-05_scopus_id_con_multiples_nombres,media,55172691400,"Ibañez, Agustin","Ibañez, Agustin|Ibañez, Agustín|Ibáñez, Agustín",variantes de firma bajo un mismo identificador,REVISAR_NORMALIZACION_DE_NOMBRE,,,
P-05_scopus_id_con_multiples_nombres,media,57194420289,"Díaz, Claudia Vergara","Díaz, Claudia Vergara|Vergara, Claudia",variantes de firma bajo un mismo identificador,REVISAR_NORMALIZACION_DE_NOMBRE,,,
P-05_scopus_id_con_multiples_nombres,media,24401869300,"Murray, Nigel P","Murray, Nigel P|Murray, Nigel P.",variantes de firma bajo un mismo identificador,REVISAR_NORMALIZACION_DE_NOMBRE,,,
P-05_scopus_id_con_multiples_nombres,media,6506912454,"Aedo Inostroza, Gabriel","Aedo Inostroza, Gabriel|Aedo, Socrates|Aedo, Sócrates",variantes de firma bajo un mismo identificador,REVISAR_NORMALIZACION_DE_NOMBRE,,,
P-05_scopus_id_con_multiples_nombres,media,6506169664,"Simirgiotis, Mario","Simirgiotis, Mario|Simirgiotis, Mario J.",variantes de firma bajo un mismo identificador,REVISAR_NORMALIZACION_DE_NOMBRE,,,
P-05_scopus_id_con_multiples_nombres,media,59532785300,"Camero Lascano, Adriana","Camero Lascano, Adriana|Camero-Lascano, Adriana",variantes de firma bajo un mismo identificador,REVISAR_NORMALIZACION_DE_NOMBRE,,,
P-05_scopus_id_con_multiples_nombres,media,58866584500,"Elizalde Cremonte, Alejandra","Elizalde Cremonte, Alejandra|Elizalde, Alejandra|Elizalde-Cremonte, Alejandra",variantes de firma bajo un mismo identificador,REVISAR_NORMALIZACION_DE_NOMBRE,,,
P-05_scopus_id_con_multiples_nombres,media,7101880438,"McGuire, Philip","McGuire, Philip|Mcguire, Philip",variantes de firma bajo un mismo identificador,REVISAR_NORMALIZACION_DE_NOMBRE,,,
P-05_scopus_id_con_multiples_nombres,media,55794064800,"Yañez, Osvaldo","Yañez, Osvaldo|Yáñez, Osvaldo",variantes de firma bajo un mismo identificador,REVISAR_NORMALIZACION_DE_NOMBRE,,,
P-05_scopus_id_con_multiples_nombres,media,54279511100,"Vallejo, María S.","Vallejo, María S.|Vallejo, María Soledad",variantes de firma bajo un mismo identificador,REVISAR_NORMALIZACION_DE_NOMBRE,,,
P-05_scopus_id_con_multiples_nombres,media,7005965335,"Blümel, Juan E.","Blümel, Juan E.|Blümel, Juan Enrique",variantes de firma bajo un mismo identificador,REVISAR_NORMALIZACION_DE_NOMBRE,,,
P-05_scopus_id_con_multiples_nombres,media,57226645675,"Rodrigues, Marcio A.","Rodrigues, Marcio A.|Rodrigues, Marcio Alexandre Hipólito",variantes de firma bajo un mismo identificador,REVISAR_NORMALIZACION_DE_NOMBRE,,,
P-05_scopus_id_con_multiples_nombres,media,55750816100,"Rojas-Thomas, F.","Rojas-Thomas, F.|Rojas-Thomas, Felipe",variantes de firma bajo un mismo identificador,REVISAR_NORMALIZACION_DE_NOMBRE,,,
P-05_scopus_id_con_multiples_nombres,media,57240094400,"Mamani Apaza, Luis Omar","Mamani Apaza, Luis Omar|Mamani-Apaza, Luis Omar",variantes de firma bajo un mismo identificador,REVISAR_NORMALIZACION_DE_NOMBRE,,,
P-05_scopus_id_con_multiples_nombres,media,55058645100,"Zirena Vilca, Franz","Zirena Vilca, Franz|Zirena-Vilca, Franz",variantes de firma bajo un mismo identificador,REVISAR_NORMALIZACION_DE_NOMBRE,,,
P-05_scopus_id_con_multiples_nombres,media,58033180400,"Villena, José","Villena, José|Villena, José M.",variantes de firma bajo un mismo identificador,REVISAR_NORMALIZACION_DE_NOMBRE,,,
P-05_scopus_id_con_multiples_nombres,media,57199783928,"Mejías, Jorge Torres","Mejías, Jorge Torres|Torres, Jorge",variantes de firma bajo un mismo identificador,REVISAR_NORMALIZACION_DE_NOMBRE,,,
P-05_scopus_id_con_multiples_nombres,media,59459602700,"Rodriguez-Osorio, Benjamin","Rodriguez-Osorio, Benjamin|Rodríguez-Osorio, Benjamín",variantes de firma bajo un mismo identificador,REVISAR_NORMALIZACION_DE_NOMBRE,,,
P-05_scopus_id_con_multiples_nombres,media,55968482900,"Masías H, Víctor H.","Masías H, Víctor H.|Masías H., Víctor H.",variantes de firma bajo un mismo identificador,REVISAR_NORMALIZACION_DE_NOMBRE,,,
P-05_scopus_id_con_multiples_nombres,media,57310839900,"Navarro R, Pilar","Navarro R, Pilar|Navarro R., Pilar",variantes de firma bajo un mismo identificador,REVISAR_NORMALIZACION_DE_NOMBRE,,,
P-05_scopus_id_con_multiples_nombres,media,57194422663,"Alliende, Luz M.","Alliende, Luz M.|Alliende, Luz Maria|Alliende, Luz María",variantes de firma bajo un mismo identificador,REVISAR_NORMALIZACION_DE_NOMBRE,,,
P-05_scopus_id_con_multiples_nombres,media,37111823000,"Bethlehem, Richard","Bethlehem, Richard|Bethlehem, Richard A.I.",variantes de firma bajo un mismo identificador,REVISAR_NORMALIZACION_DE_NOMBRE,,,
P-05_scopus_id_con_multiples_nombres,media,7006962257,"Busatto, Geraldo","Busatto, Geraldo|Busatto, Geraldo F.",variantes de firma bajo un mismo identificador,REVISAR_NORMALIZACION_DE_NOMBRE,,,
P-05_scopus_id_con_multiples_nombres,media,22233746200,"Castro, Mariana","Castro, Mariana|Castro, Mariana N.",variantes de firma bajo un mismo identificador,REVISAR_NORMALIZACION_DE_NOMBRE,,,
P-05_scopus_id_con_multiples_nombres,media,6507575263,"De La Fuente-Sandoval, Camilo","De La Fuente-Sandoval, Camilo|Fuente-Sandoval, Camilo de la|de la Fuente-Sandoval, Camilo",variantes de firma bajo un mismo identificador,REVISAR_NORMALIZACION_DE_NOMBRE,,,
P-05_scopus_id_con_multiples_nombres,media,56208998400,"Diaz-Caneja, Covadonga M.","Diaz-Caneja, Covadonga M.|Díaz-Caneja, Covadonga M.",variantes de firma bajo un mismo identificador,REVISAR_NORMALIZACION_DE_NOMBRE,,,
P-05_scopus_id_con_multiples_nombres,media,57096316500,"Diaz-Zuluaga, Ana Maria","Diaz-Zuluaga, Ana Maria|Díaz-Zuluaga, Ana María",variantes de firma bajo un mismo identificador,REVISAR_NORMALIZACION_DE_NOMBRE,,,
P-05_scopus_id_con_multiples_nombres,media,8895340300,"Duran, Fabio","Duran, Fabio|Duran, Fabio L.S.",variantes de firma bajo un mismo identificador,REVISAR_NORMALIZACION_DE_NOMBRE,,,
P-05_scopus_id_con_multiples_nombres,media,6603415669,"Gama, Clarissa","Gama, Clarissa|Gama, Clarissa S.",variantes de firma bajo un mismo identificador,REVISAR_NORMALIZACION_DE_NOMBRE,,,
P-05_scopus_id_con_multiples_nombres,media,26653711900,"Leon-Ortiz, Pablo","Leon-Ortiz, Pablo|León-Ortiz, Pablo",variantes de firma bajo un mismo identificador,REVISAR_NORMALIZACION_DE_NOMBRE,,,
P-05_scopus_id_con_multiples_nombres,media,36343578600,"Lopez-Jaramillo, Carlos","Lopez-Jaramillo, Carlos|López-Jaramillo, Carlos",variantes de firma bajo un mismo identificador,REVISAR_NORMALIZACION_DE_NOMBRE,,,
P-05_scopus_id_con_multiples_nombres,media,55549561400,"Pan, Pedro","Pan, Pedro|Pan, Pedro M.",variantes de firma bajo un mismo identificador,REVISAR_NORMALIZACION_DE_NOMBRE,,,
P-05_scopus_id_con_multiples_nombres,media,56230862300,"Phahladira, Lebogan","Phahladira, Lebogan|Phahladira, Lebogang",variantes de firma bajo un mismo identificador,REVISAR_NORMALIZACION_DE_NOMBRE,,,
P-05_scopus_id_con_multiples_nombres,media,57219654811,"Zanetti, Marcus","Zanetti, Marcus|Zanetti, Marcus V.",variantes de firma bajo un mismo identificador,REVISAR_NORMALIZACION_DE_NOMBRE,,,
P-05_scopus_id_con_multiples_nombres,media,55960980000,"Cepeda-Plaza, M.","Cepeda-Plaza, M.|Cepeda-Plaza, Marjorie",variantes de firma bajo un mismo identificador,REVISAR_NORMALIZACION_DE_NOMBRE,,,
P-05_scopus_id_con_multiples_nombres,media,57206660321,"Barrera Vega, Boris","Barrera Vega, Boris|Barrera, Boris",variantes de firma bajo un mismo identificador,REVISAR_NORMALIZACION_DE_NOMBRE,,,
P-05_scopus_id_con_multiples_nombres,media,36182970100,"Di Leo, Pablo Francisco","Di Leo, Pablo Francisco|Di-Leo, Pablo Francisco",variantes de firma bajo un mismo identificador,REVISAR_NORMALIZACION_DE_NOMBRE,,,
P-05_scopus_id_con_multiples_nombres,media,57682886400,"Ramos, Teresita","Ramos, Teresita|Ramos, Teresita F.",variantes de firma bajo un mismo identificador,REVISAR_NORMALIZACION_DE_NOMBRE,,,
P-05_scopus_id_con_multiples_nombres,media,57219660357,"Rodriguez, Mery","Rodriguez, Mery|Rodríguez-Parra, Mery",variantes de firma bajo un mismo identificador,REVISAR_NORMALIZACION_DE_NOMBRE,,,
P-05_scopus_id_con_multiples_nombres,media,55305830400,"Poblete, Ximena","Poblete, Ximena|Poblete-Nuñez, Ximena",variantes de firma bajo un mismo identificador,REVISAR_NORMALIZACION_DE_NOMBRE,,,
P-05_scopus_id_con_multiples_nombres,media,60232509800,"Loaiza Giraldo, Jessica Paola","Loaiza Giraldo, Jessica Paola|Loaiza-Giraldo, Jessica Paola",variantes de firma bajo un mismo identificador,REVISAR_NORMALIZACION_DE_NOMBRE,,,
P-05_scopus_id_con_multiples_nombres,media,6602142752,"Sivori, Martin","Sivori, Martin|Sivori, Martín",variantes de firma bajo un mismo identificador,REVISAR_NORMALIZACION_DE_NOMBRE,,,
P-05_scopus_id_con_multiples_nombres,media,57225050522,"Martinez-Mardones, Mónica","Martinez-Mardones, Mónica|Martinez-Mardones, Mónica Belén|Martínez-Mardones, Mónica B",variantes de firma bajo un mismo identificador,REVISAR_NORMALIZACION_DE_NOMBRE,,,
P-05_scopus_id_con_multiples_nombres,media,56699703400,"Bustamante, Andres","Bustamante, Andres|Bustamante, Andrés",variantes de firma bajo un mismo identificador,REVISAR_NORMALIZACION_DE_NOMBRE,,,
P-05_scopus_id_con_multiples_nombres,media,57704188000,"Campos, Zócimo","Campos, Zócimo|Campos-Jaque, Zocimo",variantes de firma bajo un mismo identificador,REVISAR_NORMALIZACION_DE_NOMBRE,,,
P-05_scopus_id_con_multiples_nombres,media,55884627800,"Sepulveda, Ilson","Sepulveda, Ilson|Sepúlveda A, Ilson",variantes de firma bajo un mismo identificador,REVISAR_NORMALIZACION_DE_NOMBRE,,,
P-05_scopus_id_con_multiples_nombres,media,57189060868,"Jannas-Vela, Sebastian","Jannas-Vela, Sebastian|Jannas-Vela, Sebastián",variantes de firma bajo un mismo identificador,REVISAR_NORMALIZACION_DE_NOMBRE,,,
P-05_scopus_id_con_multiples_nombres,media,57201028146,"Iruretagoyena, Barbara","Iruretagoyena, Barbara|Iruretagoyena, Bárbara",variantes de firma bajo un mismo identificador,REVISAR_NORMALIZACION_DE_NOMBRE,,,
P-05_scopus_id_con_multiples_nombres,media,57203899226,"Hardy, N.","Hardy, N.|Hardy, Nicolás",variantes de firma bajo un mismo identificador,REVISAR_NORMALIZACION_DE_NOMBRE,,,
P-05_scopus_id_con_multiples_nombres,media,57205321300,"Guiñez, Nataly A.","Guiñez, Nataly A.|Guiñez-Cabrera, Nataly",variantes de firma bajo un mismo identificador,REVISAR_NORMALIZACION_DE_NOMBRE,,,
P-05_scopus_id_con_multiples_nombres,media,58102902300,"Cuéllar Bernal, Daniel","Cuéllar Bernal, Daniel|Cuéllar-Bernal, Daniel",variantes de firma bajo un mismo identificador,REVISAR_NORMALIZACION_DE_NOMBRE,,,
P-05_scopus_id_con_multiples_nombres,media,56114934100,"Millet, Gregoire P.","Millet, Gregoire P.|Millet, Grégoire P.",variantes de firma bajo un mismo identificador,REVISAR_NORMALIZACION_DE_NOMBRE,,,
P-05_scopus_id_con_multiples_nombres,media,57226107208,"Álvarez, Carolina","Álvarez, Carolina|Álvarez-Valdés, Carolina",variantes de firma bajo un mismo identificador,REVISAR_NORMALIZACION_DE_NOMBRE,,,
P-05_scopus_id_con_multiples_nombres,media,23995030100,"Garcia-Diaz, Diego F.","Garcia-Diaz, Diego F.|Garcia-Diaz, Diego Fernando",variantes de firma bajo un mismo identificador,REVISAR_NORMALIZACION_DE_NOMBRE,,,
P-05_scopus_id_con_multiples_nombres,media,41761002000,"Benavides, Sergio","Benavides, Sergio|Benavides-Valenzuela, Sergio",variantes de firma bajo un mismo identificador,REVISAR_NORMALIZACION_DE_NOMBRE,,,
P-05_scopus_id_con_multiples_nombres,media,56659501700,"Rojas-Navarro, Sebastian","Rojas-Navarro, Sebastian|Rojas-Navarro, Sebastián",variantes de firma bajo un mismo identificador,REVISAR_NORMALIZACION_DE_NOMBRE,,,
P-05_scopus_id_con_multiples_nombres,media,56087752400,"Massa, Angela Arenas","Massa, Angela Arenas|Massa, Ángela Arenas",variantes de firma bajo un mismo identificador,REVISAR_NORMALIZACION_DE_NOMBRE,,,
P-05_scopus_id_con_multiples_nombres,media,58284106300,"Araujo, José Torrealba","Araujo, José Torrealba|Torrealba, José",variantes de firma bajo un mismo identificador,REVISAR_NORMALIZACION_DE_NOMBRE,,,
P-05_scopus_id_con_multiples_nombres,media,57223288099,"Franco-O´Byrne, Daniel","Franco-O´Byrne, Daniel|Franco-O’Byrne, Daniel",variantes de firma bajo un mismo identificador,REVISAR_NORMALIZACION_DE_NOMBRE,,,
P-05_scopus_id_con_multiples_nombres,media,55927219500,"Coronado-Munoz, Alvaro","Coronado-Munoz, Alvaro|Munoz, Álvaro Coronado",variantes de firma bajo un mismo identificador,REVISAR_NORMALIZACION_DE_NOMBRE,,,
P-05_scopus_id_con_multiples_nombres,media,57226375250,"Macho, Roberto A. Macchiavello","Macho, Roberto A. Macchiavello|Macho, Roberto Macchiavello",variantes de firma bajo un mismo identificador,REVISAR_NORMALIZACION_DE_NOMBRE,,,
P-05_scopus_id_con_multiples_nombres,media,58532149400,"Menin, Amanda I. Wosiack","Menin, Amanda I. Wosiack|Menin, Amanda Wosiack",variantes de firma bajo un mismo identificador,REVISAR_NORMALIZACION_DE_NOMBRE,,,
P-05_scopus_id_con_multiples_nombres,media,58533004700,"Irarrázaval, Cristian A. Arriagada","Irarrázaval, Cristian A. Arriagada|Irarrázaval, Cristián Arriagada",variantes de firma bajo un mismo identificador,REVISAR_NORMALIZACION_DE_NOMBRE,,,
P-05_scopus_id_con_multiples_nombres,media,57194732185,"Morales Sepúlveda, Juan Pablo","Morales Sepúlveda, Juan Pablo|Morales-Sepulveda, Juan Pablo",variantes de firma bajo un mismo identificador,REVISAR_NORMALIZACION_DE_NOMBRE,,,
P-05_scopus_id_con_multiples_nombres,media,58289089200,"Lopez, Esteban","Lopez, Esteban|López, Esteban",variantes de firma bajo un mismo identificador,REVISAR_NORMALIZACION_DE_NOMBRE,,,
P-05_scopus_id_con_multiples_nombres,media,55971413200,"Guerra, Paula","Guerra, Paula|Zamora, Paula Guerra",variantes de firma bajo un mismo identificador,REVISAR_NORMALIZACION_DE_NOMBRE,,,
P-05_scopus_id_con_multiples_nombres,media,58640172400,"Lechuga, Hernán","Lechuga, Hernán|Lechuga, Hernán E.",variantes de firma bajo un mismo identificador,REVISAR_NORMALIZACION_DE_NOMBRE,,,
P-05_scopus_id_con_multiples_nombres,media,57908798200,"Ramirez, Yenny","Ramirez, Yenny|Ramírez, Yenny",variantes de firma bajo un mismo identificador,REVISAR_NORMALIZACION_DE_NOMBRE,,,
I-06_autor_con_multiples_unidades,media,Mujika I.,Mujika I.,Escuela de Kinesiología|Facultad de Medicina y Salud,afiliación interna variable entre publicaciones,DECLARAR_NO_RESOLVER,,,
I-06_autor_con_multiples_unidades,media,Mariotti-Celis M.S.,Mariotti-Celis M.S.,Escuela de Nutrición y Dietética|Facultad de Medicina y Salud,afiliación interna variable entre publicaciones,DECLARAR_NO_RESOLVER,,,
I-06_autor_con_multiples_unidades,media,Yanine F.F.,Yanine F.F.,Facultad de Ingeniería|School of Engineering,afiliación interna variable entre publicaciones,DECLARAR_NO_RESOLVER,,,
I-06_autor_con_multiples_unidades,media,Simón L.,Simón L.,Escuela de Nutrición y Dietética|Facultad de Medicina y Salud,afiliación interna variable entre publicaciones,DECLARAR_NO_RESOLVER,,,
I-06_autor_con_multiples_unidades,media,López-Arana S.,López-Arana S.,Escuela de Nutrición y Dietética|Facultad de Medicina y Salud,afiliación interna variable entre publicaciones,DECLARAR_NO_RESOLVER,,,
I-06_autor_con_multiples_unidades,media,Bustos-Arriagada E.,Bustos-Arriagada E.,Escuela de Nutrición y Dietética|Facultad de Medicina y Salud,afiliación interna variable entre publicaciones,DECLARAR_NO_RESOLVER,,,
I-06_autor_con_multiples_unidades,media,Cancino-López J.,Cancino-López J.,Escuela de Kinesiología|Facultad de Medicina y Salud,afiliación interna variable entre publicaciones,DECLARAR_NO_RESOLVER,,,
I-06_autor_con_multiples_unidades,media,Castro-Sepulveda M.,Castro-Sepulveda M.,Escuela de Kinesiología|Facultad de Medicina y Salud,afiliación interna variable entre publicaciones,DECLARAR_NO_RESOLVER,,,
I-06_autor_con_multiples_unidades,media,Montalva-Valenzuela F.,Montalva-Valenzuela F.,Escuela de Kinesiología|Facultad de Medicina y Salud,afiliación interna variable entre publicaciones,DECLARAR_NO_RESOLVER,,,
I-06_autor_con_multiples_unidades,media,Mena C.,Mena C.,Escuela de Nutrición y Dietética|Facultad de Medicina y Salud,afiliación interna variable entre publicaciones,DECLARAR_NO_RESOLVER,,,
I-06_autor_con_multiples_unidades,media,Cancino J.,Cancino J.,Escuela de Kinesiología|Facultad de Medicina y Salud|Facultad de Odontología,afiliación interna variable entre publicaciones,DECLARAR_NO_RESOLVER,,,
I-06_autor_con_multiples_unidades,media,Cancino-Lopez J.,Cancino-Lopez J.,Escuela de Kinesiología|Facultad de Medicina y Salud,afiliación interna variable entre publicaciones,DECLARAR_NO_RESOLVER,,,
I-06_autor_con_multiples_unidades,media,Castillo-Valenzuela O.,Castillo-Valenzuela O.,Escuela de Nutrición y Dietética|Facultad de Medicina y Salud,afiliación interna variable entre publicaciones,DECLARAR_NO_RESOLVER,,,
I-06_autor_con_multiples_unidades,media,Tiscornia C.,Tiscornia C.,Escuela de Nutrición y Dietética|Facultad de Medicina y Salud,afiliación interna variable entre publicaciones,DECLARAR_NO_RESOLVER,,,
I-06_autor_con_multiples_unidades,media,Vasquez F.,Vasquez F.,Escuela de Nutrición y Dietética|School of Nutrition and Dietetic,afiliación interna variable entre publicaciones,DECLARAR_NO_RESOLVER,,,
I-06_autor_con_multiples_unidades,media,Lang M.,Lang M.,Escuela de Kinesiología|Facultad de Medicina y Salud,afiliación interna variable entre publicaciones,DECLARAR_NO_RESOLVER,,,
I-06_autor_con_multiples_unidades,media,Lorca-Ponce E.,Lorca-Ponce E.,Escuela de Enfermería|Facultad de Medicina y Salud,afiliación interna variable entre publicaciones,DECLARAR_NO_RESOLVER,,,
I-06_autor_con_multiples_unidades,media,Vásquez F.,Vásquez F.,Escuela de Nutrición y Dietética|Facultad de Medicina y Salud,afiliación interna variable entre publicaciones,DECLARAR_NO_RESOLVER,,,
I-06_autor_con_multiples_unidades,media,Pino-Zúñiga J.,Pino-Zúñiga J.,Escuela de Kinesiología|Facultad de Medicina y Salud,afiliación interna variable entre publicaciones,DECLARAR_NO_RESOLVER,,,
I-06_autor_con_multiples_unidades,media,Candia-Véjar A.,Candia-Véjar A.,Escuela de Ingeniería Civil Industrial|School of Civil Engineering,afiliación interna variable entre publicaciones,DECLARAR_NO_RESOLVER,,,
E-09_firma_sin_forma_de_persona,alta,Metabolism,Metabolism,sin_inicial_de_nombre (el nombre no contiene ninguna inicial con punto) · publicaciones: 2-s2.0-85199751688,"probable fragmento de cadena de afiliación, no una persona; es la única detección UFT de la publicación en que aparece, que quedaría sin autoría UFT nombrada",NO_RESOLVER_AUTOMATICAMENTE,,,1.0
E-09_firma_sin_forma_de_persona,alta,Movement Sciences (NUTRIM),Movement Sciences (NUTRIM),sin_inicial_de_nombre (el nombre no contiene ninguna inicial con punto) · publicaciones: 2-s2.0-85207388806,"probable fragmento de cadena de afiliación, no una persona; es la única detección UFT de la publicación en que aparece, que quedaría sin autoría UFT nombrada",NO_RESOLVER_AUTOMATICAMENTE,,,1.0
E-09_firma_sin_forma_de_persona,alta,School of Psychology,School of Psychology,firma_repetida_en_publicacion (3 posiciones distintas en 2-s2.0-85151493381) · sin_inicial_de_nombre (el nombre no contiene ninguna inicial con punto) · publicaciones: 2-s2.0-85151493381,"probable fragmento de cadena de afiliación, no una persona; es la única detección UFT de la publicación en que aparece, que quedaría sin autoría UFT nombrada",NO_RESOLVER_AUTOMATICAMENTE,,,1.0
E-09_firma_sin_forma_de_persona,alta,and Senior Lecturer,and Senior Lecturer,posicion_fuera_de_rango (posición 9 de 7 autores en 2-s2.0-85190421197) · sin_inicial_de_nombre (el nombre no contiene ninguna inicial con punto) · publicaciones: 2-s2.0-85190421197,"probable fragmento de cadena de afiliación, no una persona; es la única detección UFT de la publicación en que aparece, que quedaría sin autoría UFT nombrada",NO_RESOLVER_AUTOMATICAMENTE,,,1.0
