nombre_en_fuente,escuela_declarada_en_autoarchivo,nombre_en_autoarchivo,obras_con_esta_escuela,escuelas_distintas_para_esta_firma,resolucion
Allende-Valenzuela T.,Educación parvularia,"Allende-Valenzuela, Tamara",1,2,PENDIENTE_REVISION_HUMANA
Allende-Valenzuela T.,CIPEF,"Allende-Valenzuela, Tamara",1,2,PENDIENTE_REVISION_HUMANA
Andrade Kobayashi M.,Literatura,"Andrade Kobayashi, Megumi",2,2,PENDIENTE_REVISION_HUMANA
Andrade Kobayashi M.,Arte,"Andrade Kobayashi, Megumi",1,2,PENDIENTE_REVISION_HUMANA
Arenas-Massa Á.,Derecho,"Arenas Massa, Ángela",10,1,PENDIENTE_REVISION_HUMANA
Arroyo A.,Medicina,"Arroyo, Antonio",2,1,PENDIENTE_REVISION_HUMANA
Benites M.,Medicina,"Benites, Martín Hernán",5,1,PENDIENTE_REVISION_HUMANA
Bustos-Muñoz D.,Publicidad,"Bustos Muñoz, David",2,1,PENDIENTE_REVISION_HUMANA
Caffarena P.,CIDOC,"Caffarena, Paula",7,1,PENDIENTE_REVISION_HUMANA
Caffarena-Barcenilla C.,Educación parvularia,"Caffarena-Barcenilla, Carolina",2,1,PENDIENTE_REVISION_HUMANA
Cancino J.,Kinesiología,"Cancino, Jorge",11,2,PENDIENTE_REVISION_HUMANA
Cancino J.,Enfermería,"Cancino, Jorge",1,2,PENDIENTE_REVISION_HUMANA
Carvajal G.,CIDOC,"Carvajal, Gustavo",1,2,PENDIENTE_REVISION_HUMANA
Carvajal G.,Literatura,"Carvajal, Gustavo",3,2,PENDIENTE_REVISION_HUMANA
Chavez-Reyes A.,Medicina,"Chávez-Reyes, Arturo",5,1,PENDIENTE_REVISION_HUMANA
Cottin M.,Psicología,"Cottin, Marianne",3,1,PENDIENTE_REVISION_HUMANA
Crisóstomo Flores P.,Periodismo,"Crisóstomo-Flores, Paz",12,1,PENDIENTE_REVISION_HUMANA
Crisóstomo-Flores P.,Periodismo,"Crisóstomo-Flores, Paz",12,1,PENDIENTE_REVISION_HUMANA
De la Fuente M.,Medicina,"De la Fuente, Marjorie",1,1,PENDIENTE_REVISION_HUMANA
Diaz F.,Medicina,"Díaz, Franco",49,1,PENDIENTE_REVISION_HUMANA
Díaz-Galaz L.,Educación parvularia,"Díaz-Galaz, Lorena",1,1,PENDIENTE_REVISION_HUMANA
Escobar-González S.,Educación básica,"Escobar González, Sebastián",4,1,PENDIENTE_REVISION_HUMANA
Farsani D.,Educación básica,"Farsani, Danyal",23,1,PENDIENTE_REVISION_HUMANA
Ferre Contreras A.,Medicina,"Ferre Contreras, Andrés",2,1,PENDIENTE_REVISION_HUMANA
Figueroa-Bustos A.,Periodismo,"Figueroa-Bustos, Arturo",3,1,PENDIENTE_REVISION_HUMANA
Figueroa-Moya D.,Educación parvularia,"Figueroa-Moya, Daniela",4,1,PENDIENTE_REVISION_HUMANA
Giglio A.,Medicina,"Giglio, Andrés",17,2,PENDIENTE_REVISION_HUMANA
Giglio A.,Facultad de Medicina y Salud,"Giglio, Andrés",1,2,PENDIENTE_REVISION_HUMANA
Gubbins V.,Familia,"Gubbins, Verónica",14,1,PENDIENTE_REVISION_HUMANA
Hernandez A.,Enfermería,"Hernandez, Abdul",1,1,PENDIENTE_REVISION_HUMANA
Ibáñez-Muñoz R.C.,Educación básica,"Ibáñez-Muñoz, Rosa",1,1,PENDIENTE_REVISION_HUMANA
Landskron G.,Medicina,"Landskron, Glauben",6,1,PENDIENTE_REVISION_HUMANA
Letelier Widow G.,Formación General,"Letelier Widow, Gonzalo",1,1,PENDIENTE_REVISION_HUMANA
Lucero-Mora J.,Odontología,"Lucero-Mora, Joaquín",3,1,PENDIENTE_REVISION_HUMANA
López-Arana S.,Nutrición,"López-Arana, Sandra",11,2,PENDIENTE_REVISION_HUMANA
López-Arana S.,"Escuela de Nutrición y Dietética, Facultad de Medicina","López-Arana, Sandra",1,2,PENDIENTE_REVISION_HUMANA
Mardones-Falcone G.,Arquitectura,"Mardones Falcone, Gonzalo",1,1,PENDIENTE_REVISION_HUMANA
Martínez-Mardones M.B.,Medicina,"Martinez-Mardones, Mónica",3,1,PENDIENTE_REVISION_HUMANA
Molina M.,Medicina,"Molina, Marcelo",7,1,PENDIENTE_REVISION_HUMANA
Montero V.,Arte,"Montero, Valentina",3,1,PENDIENTE_REVISION_HUMANA
Moya P.,Odontología,"Moya, Patricia",21,1,PENDIENTE_REVISION_HUMANA
Moyano Davila C.,Familia,"Moyano Dávila, Camila",2,1,PENDIENTE_REVISION_HUMANA
Moyano Dávila C.,Familia,"Moyano Dávila, Camila",2,1,PENDIENTE_REVISION_HUMANA
Mujika I.,Kinesiología,"Mujika, Iñigo",7,1,PENDIENTE_REVISION_HUMANA
Muszalski H.,Formación General,"Muszalski, Hernán",2,1,PENDIENTE_REVISION_HUMANA
Muzard A.,Psicología,"Muzard, Antonia",1,1,PENDIENTE_REVISION_HUMANA
Olive F.,Medicina,"Olive, Fernanda",2,1,PENDIENTE_REVISION_HUMANA
Poblete Alday P.,CIDOC,"Poblete Alday, Patricia",2,1,PENDIENTE_REVISION_HUMANA
Rego T.,Formación General,"Rego, Thomas",8,2,PENDIENTE_REVISION_HUMANA
Rego T.,Escuela de Filosofía,"Rego, Thomas",1,2,PENDIENTE_REVISION_HUMANA
Salas-Guzmán N.,Psicología,"Salas-Guzmán, Natalia",3,1,PENDIENTE_REVISION_HUMANA
Santibáñez D.,Educación básica,"Santibáñez, David",3,1,PENDIENTE_REVISION_HUMANA
Santos M.,CIDOC,"Santos, Marcelo",2,1,PENDIENTE_REVISION_HUMANA
Silva-Figueroa A.M.,Medicina,"Silva-Figueroa, Angélica",7,1,PENDIENTE_REVISION_HUMANA
Simón L.,Nutrición,"Simón, Layla",3,1,PENDIENTE_REVISION_HUMANA
Sánchez-Duque C.,Educación básica,"Sánchez-Duque, Carmen Gloria",6,2,PENDIENTE_REVISION_HUMANA
Sánchez-Duque C.,CIPEF,"Sánchez-Duque, Carmen Gloria",6,2,PENDIENTE_REVISION_HUMANA
Tabilo Prieto I.,Familia,"Tabilo Prieto, Ismael",1,1,PENDIENTE_REVISION_HUMANA
Tabilo-Prieto I.,Familia,"Tabilo Prieto, Ismael",1,1,PENDIENTE_REVISION_HUMANA
Undurraga R.,Familia,"Undurraga, Rosario",24,1,PENDIENTE_REVISION_HUMANA
Valle M.A.,Ingeniería comercial,"Valle, Mauricio A.",6,1,PENDIENTE_REVISION_HUMANA
Yanine F.,Ingenieria civil informática,"Yanine, Fernando",10,4,PENDIENTE_REVISION_HUMANA
Yanine F.,Ingeniería civil industrial,"Yanine, Fernando",28,4,PENDIENTE_REVISION_HUMANA
Yanine F.,Ingeniería Civil Industrial,"Yanine, Fernando",2,4,PENDIENTE_REVISION_HUMANA
Yanine F.,Facultad de Ingeniería,"Yanine, Franco Fernando",1,4,PENDIENTE_REVISION_HUMANA
Yanine F.F.,Ingenieria civil informática,"Yanine, Fernando",10,4,PENDIENTE_REVISION_HUMANA
Yanine F.F.,Ingeniería civil industrial,"Yanine, Fernando",28,4,PENDIENTE_REVISION_HUMANA
Yanine F.F.,Ingeniería Civil Industrial,"Yanine, Fernando",2,4,PENDIENTE_REVISION_HUMANA
Yanine F.F.,Facultad de Ingeniería,"Yanine, Franco Fernando",1,4,PENDIENTE_REVISION_HUMANA
Zambrano C.,Ingenieria civil informática,"Zambrano, Carolina",2,1,PENDIENTE_REVISION_HUMANA
Zbinden-Foncea H.,Kinesiología,"Zbinden-Foncea, Herman",1,1,PENDIENTE_REVISION_HUMANA
de la Fuente M.,Medicina,"De la Fuente, Marjorie",1,1,PENDIENTE_REVISION_HUMANA
Álvarez-Valdés C.,Educación básica,"Álvarez Valdés, Carolina",3,1,PENDIENTE_REVISION_HUMANA
