firma,orcid,eid,doi,match,fecha_consulta
Castiglioni C.,0000-0002-1981-7550,2-s2.0-105000111424,10.1038/s41467-025-56628-w,apellido+inicial,2026-08-26
Simón L.,0000-0002-0130-3519,2-s2.0-105000330260,10.1186/s12964-025-02131-0,apellido+inicial,2026-08-26
Yanine F.,0000-0003-1086-0840,2-s2.0-105000398688,10.1007/978-3-031-81029-9_5,apellido+inicial,2026-08-26
Torres K.,0000-0001-7638-6438,2-s2.0-105000516989,10.3389/fnut.2025.1551130,apellido+inicial,2026-08-26
Simón L.,0000-0002-0130-3519,2-s2.0-105000516989,10.3389/fnut.2025.1551130,apellido+inicial,2026-08-26
Benites M.H.,0000-0001-6366-534X,2-s2.0-105000547419,10.1186/s13054-025-05343-5,apellido+inicial,2026-08-26
Mujika I.,0000-0002-8143-9132,2-s2.0-105001037901,10.1123/ijspp.2024-0409,apellido+inicial,2026-08-26
Landskron G.,0000-0002-7953-6769,2-s2.0-105001077196,10.1016/j.rgmx.2024.08.004,apellido+inicial,2026-08-26
Mujika I.,0000-0002-8143-9132,2-s2.0-105001176342,10.3390/sports13030086,apellido+inicial,2026-08-26
Catalán C.,0000-0001-9898-3727,2-s2.0-105001299109,10.3390/cancers17060913,apellido+inicial,2026-08-26
Diaz F.,0000-0003-4763-074X,2-s2.0-105001330915,10.1016/j.jointm.2024.09.001,apellido+inicial,2026-08-26
López-Arana S.,0000-0002-4312-1318,2-s2.0-105001351276,10.4067/s0717-75182024000600428,apellido+inicial,2026-08-26
Bustos-Arriagada E.,0000-0003-4698-1425,2-s2.0-105001351276,10.4067/s0717-75182024000600428,apellido+inicial,2026-08-26
Castillo O.,0000-0002-7385-5689,2-s2.0-105001351276,10.4067/s0717-75182024000600428,apellido+inicial,2026-08-26
Tiscornia C.,0000-0002-0138-083X,2-s2.0-105001353763,10.3390/nu17061058,apellido+inicial,2026-08-26
Águila D.,0000-0002-5999-5087,2-s2.0-105001353763,10.3390/nu17061058,apellido+inicial,2026-08-26
Lorca-Ponce E.,0000-0003-1881-2798,2-s2.0-105001353763,10.3390/nu17061058,apellido+inicial,2026-08-26
Vásquez F.,0000-0003-1769-3969,2-s2.0-105001353763,10.3390/nu17061058,apellido+inicial,2026-08-26
Rivera-Tovar P.R.,0000-0001-8064-3070,2-s2.0-105001372013,10.3390/antiox14030250,apellido+inicial,2026-08-26
Mariotti-Celis M.S.,0000-0003-1357-812X,2-s2.0-105001372013,10.3390/antiox14030250,apellido+inicial,2026-08-26
Vasquez F.,0000-0003-1769-3969,2-s2.0-105001380214,10.3390/jfmk10010093,apellido+inicial,2026-08-26
Yanine F.F.,0000-0003-1086-0840,2-s2.0-105001585427,10.1007/s00202-024-02674-4,apellido+inicial,2026-08-26
Henríquez-Olguín C.,0000-0002-9315-9365,2-s2.0-105001686445,10.1016/j.redox.2025.103607,apellido+inicial,2026-08-26
Yanine F.F.,0000-0003-1086-0840,2-s2.0-105001709998,10.1016/j.uncres.2025.100173,apellido+inicial,2026-08-26
Ayares G.,0000-0002-8651-2255,2-s2.0-105002132315,10.1111/liv.70017,apellido+inicial,2026-08-26
Mariotti-Celis M.S.,0000-0003-1357-812X,2-s2.0-105002229956,10.1016/j.ifset.2025.104017,apellido+inicial,2026-08-26
Giglio A.,0000-0002-0533-4531,2-s2.0-105002338312,10.1016/j.joclim.2025.100437,apellido+inicial,2026-08-26
Ferre A.,0000-0003-1770-244X,2-s2.0-105002338312,10.1016/j.joclim.2025.100437,apellido+inicial,2026-08-26
Cancino J.,0000-0002-1956-7600,2-s2.0-105002477028,10.21142/2523-2754-1102-2023-153,apellido+inicial,2026-08-26
Mujika I.,0000-0002-8143-9132,2-s2.0-105002655309,10.1080/02640414.2025.2478354,apellido+inicial,2026-08-26
Rodríguez M.F.,0000-0001-5578-922X,2-s2.0-105003198608,10.1007/s10805-025-09633-z,apellido+inicial,2026-08-26
Giglio A.,0000-0002-0533-4531,2-s2.0-105003371923,10.1097/RHU.0000000000002230,apellido+inicial,2026-08-26
Flores P.C.,0000-0002-9761-2112,2-s2.0-105003392328,10.62161/revvisual.v17.5760,apellido+inicial,2026-08-26
Ferre A.,0000-0003-1770-244X,2-s2.0-105003546905,10.1016/j.rmclc.2025.03.004,apellido+inicial,2026-08-26
Dreyse J.,0000-0002-8201-5956,2-s2.0-105003546905,10.1016/j.rmclc.2025.03.004,apellido+inicial,2026-08-26
Giglio A.,0000-0002-0533-4531,2-s2.0-105003546905,10.1016/j.rmclc.2025.03.004,apellido+inicial,2026-08-26
Valenzuela R.,0009-0007-8023-3400,2-s2.0-105003546905,10.1016/j.rmclc.2025.03.004,apellido+inicial,2026-08-26
Castro-Sepúlveda M.,0000-0002-2270-299X,2-s2.0-105003550727,10.1152/ajpheart.00219.2025,apellido+inicial,2026-08-26
Orellana-Donoso M.,0000-0002-1781-062X,2-s2.0-105003554304,10.3390/medicina61040666,apellido+inicial,2026-08-26
Arroyo A.,0000-0003-0157-5175,2-s2.0-105003571817,10.1016/j.rmclc.2025.04.003,apellido+inicial,2026-08-26
Arroyo A.,0000-0003-0157-5175,2-s2.0-105003572556,10.1016/j.rmclc.2025.04.004,apellido+inicial,2026-08-26
Ramos A.,0000-0002-1248-0553,2-s2.0-105003572556,10.1016/j.rmclc.2025.04.004,apellido+inicial,2026-08-26
Reccius A.,0009-0004-3236-3030,2-s2.0-105003572556,10.1016/j.rmclc.2025.04.004,apellido+inicial,2026-08-26
Torres K.,0000-0001-7638-6438,2-s2.0-105003590751,10.3390/antiox14040388,apellido+inicial,2026-08-26
Simón L.,0000-0002-0130-3519,2-s2.0-105003590751,10.3390/antiox14040388,apellido+inicial,2026-08-26
Valenzuela R.,0009-0007-8023-3400,2-s2.0-105003597806,10.1016/j.rmclc.2025.03.003,apellido+inicial,2026-08-26
Ferre A.,0000-0003-1770-244X,2-s2.0-105003597806,10.1016/j.rmclc.2025.03.003,apellido+inicial,2026-08-26
Arroyo A.,0000-0003-0157-5175,2-s2.0-105003736290,10.1016/j.rmclc.2025.04.002,apellido+inicial,2026-08-26
Reccius A.,0009-0004-3236-3030,2-s2.0-105003736290,10.1016/j.rmclc.2025.04.002,apellido+inicial,2026-08-26
Yanine F.,0000-0003-1086-0840,2-s2.0-105003831479,10.14718/REVFINANZPOLITECON.V17.2025.7,apellido+inicial,2026-08-26
Giglio A.,0000-0002-0533-4531,2-s2.0-105003932507,10.1016/j.jvoice.2025.04.010,apellido+inicial,2026-08-26
Ferre A.,0000-0003-1770-244X,2-s2.0-105003932507,10.1016/j.jvoice.2025.04.010,apellido+inicial,2026-08-26
Fernández-Verdejo R.,0000-0002-5948-2281,2-s2.0-105004015051,10.1002/oby.24313,apellido+inicial,2026-08-26
Herrero J.,0000-0002-2680-7019,2-s2.0-105004777660,10.1038/s41598-025-01465-6,apellido+inicial,2026-08-26
Hidalgo M.,0000-0003-3191-3673,2-s2.0-105004886970,10.15446/ing.investig.115837,apellido+inicial,2026-08-26
Yanine F.F.,0000-0003-1086-0840,2-s2.0-105004998221,10.1016/j.uncres.2025.100197,apellido+inicial,2026-08-26
Ossa-Cox M.,0009-0006-4778-3235,2-s2.0-105005324704,10.1097/SCS.0000000000011456,apellido+inicial,2026-08-26
Henriquez-Olguín C.,0000-0002-9315-9365,2-s2.0-105005519883,10.1016/j.cmet.2025.04.002,apellido+inicial,2026-08-26
Tapia-Castillo A.,0000-0002-6081-1468,2-s2.0-105005555951,10.1093/ajh/hpaf020,apellido+inicial,2026-08-26
Landskron G.,0000-0002-7953-6769,2-s2.0-105005943336,10.1021/acs.jcim.4c02027,apellido+inicial,2026-08-26
López-Arana S.,0000-0002-4312-1318,2-s2.0-105006432616,10.3390/healthcare13101133,apellido+inicial,2026-08-26
Montero V.,0000-0003-4368-2868,2-s2.0-105006537091,10.7238/artnodes.v0i36.431891,apellido+inicial,2026-08-26
Cancino-Lopez J.,0000-0003-3620-9861,2-s2.0-105006577629,10.1007/s11695-025-07947-w,apellido+inicial,2026-08-26
Murray N.P.,0000-0001-8154-8550,2-s2.0-105006749271,10.3390/biomedicines13051179,apellido+inicial,2026-08-26
Orellana-Donoso M.,0000-0002-1781-062X,2-s2.0-105006772737,10.3390/biomedicines13051039,apellido+inicial,2026-08-26
Larrañaga M.,0009-0006-2146-5677,2-s2.0-105006776695,10.3390/curroncol32050246,apellido+inicial,2026-08-26
Verdugo F.J.,0000-0003-0977-3619,2-s2.0-105007015111,10.7775/rac.es.v92.i4.20810,apellido+inicial,2026-08-26
Cancino-López J.,0000-0003-3620-9861,2-s2.0-105007047226,10.1371/journal.pone.0323501,apellido+inicial,2026-08-26
Tiscornia C.,0000-0002-0138-083X,2-s2.0-105007137059,10.4067/s0717-75182025000100063,apellido+inicial,2026-08-26
Vásquez F.,0000-0003-1769-3969,2-s2.0-105007137059,10.4067/s0717-75182025000100063,apellido+inicial,2026-08-26
Reyes M.,0000-0001-5279-4234,2-s2.0-105007196459,10.32641/andespediatr.v96i2.5607,apellido+inicial,2026-08-26
Díaz F.,0000-0003-4763-074X,2-s2.0-105007196459,10.32641/andespediatr.v96i2.5607,apellido+inicial,2026-08-26
Kobayashi M.A.,0000-0002-6004-1301,2-s2.0-105007197288,10.15443/RL3502,apellido+inicial,2026-08-26
Ferre A.,0000-0003-1770-244X,2-s2.0-105007292368,10.1097/CCM.0000000000006634,apellido+inicial,2026-08-26
Giglio A.,0000-0002-0533-4531,2-s2.0-105007292368,10.1097/CCM.0000000000006634,apellido+inicial,2026-08-26
Maldonado-Agurto R.,0000-0002-8326-9800,2-s2.0-105007903192,10.1038/s41597-025-05345-6,apellido+inicial,2026-08-26
Orellana-Donoso M.,0000-0002-1781-062X,2-s2.0-105007922570,10.3390/jcm14113630,apellido+inicial,2026-08-26
Guevara E.,0009-0000-1595-9044,2-s2.0-105008209360,10.34190/ictr.8.1.3440,apellido+inicial,2026-08-26
Diaz F.,0000-0003-4763-074X,2-s2.0-105008230374,10.3389/fped.2025.1570519,apellido+inicial,2026-08-26
Carriel-Nesvara A.,0009-0002-0205-4478,2-s2.0-105008897804,10.1113/JP289019,apellido+inicial,2026-08-26
Castro-Sepulveda M.,0000-0002-2270-299X,2-s2.0-105008897804,10.1113/JP289019,apellido+inicial,2026-08-26
Gaete M.,0000-0003-1846-2417,2-s2.0-105008900246,10.1016/j.diff.2025.100882,apellido+inicial,2026-08-26
Etchegaray-Armijo K.,0000-0002-8536-3729,2-s2.0-105008991612,10.1016/j.freeradbiomed.2025.06.007,apellido+inicial,2026-08-26
Bustos-Arriagada E.,0000-0003-4698-1425,2-s2.0-105008991612,10.1016/j.freeradbiomed.2025.06.007,apellido+inicial,2026-08-26
Orellana-Donoso M.,0000-0002-1781-062X,2-s2.0-105009012247,10.3390/ijms26125887,apellido+inicial,2026-08-26
Orellana-Donoso M.,0000-0002-1781-062X,2-s2.0-105009026860,10.3390/ph18060795,apellido+inicial,2026-08-26
Diaz F.,0000-0003-4763-074X,2-s2.0-105009283774,10.3389/fped.2025.1594336,apellido+inicial,2026-08-26
Montalva-Valenzuela F.,0000-0003-0004-3089,2-s2.0-105009309845,10.3390/psychiatryint6020046,apellido+inicial,2026-08-26
Díaz F.,0000-0003-4763-074X,2-s2.0-105009390060,10.32641/andespediatr.v96i3.5679,apellido+inicial,2026-08-26
Henriquez-Olguin C.,0000-0002-9315-9365,2-s2.0-105009525406,10.1113/JP288854,apellido+inicial,2026-08-26
Montalva-Valenzuela F.,0000-0003-0004-3089,2-s2.0-105009721590,10.1007/s44155-025-00241-1,apellido+inicial,2026-08-26
Hernández L.T.,0000-0003-4666-2491,2-s2.0-105009748521,10.5354/0719-1243.2025.79110,apellido+inicial,2026-08-26
Loyola M.T.,0000-0002-2580-8271,2-s2.0-105009800568,10.5354/0719-1243.2025.79291,apellido+inicial,2026-08-26
Mansilla-Obando K.,0000-0003-4273-4259,2-s2.0-105009804221,10.1002/sd.70021,apellido+inicial,2026-08-26
Giglio A.,0000-0002-0533-4531,2-s2.0-105009929678,10.1089/neu.2024.0463,apellido+inicial,2026-08-26
Ferre A.,0000-0003-1770-244X,2-s2.0-105009929678,10.1089/neu.2024.0463,apellido+inicial,2026-08-26
Reccius A.,0009-0004-3236-3030,2-s2.0-105009929678,10.1089/neu.2024.0463,apellido+inicial,2026-08-26
Mariotti-Celis M.S.,0000-0003-1357-812X,2-s2.0-105010256496,10.3390/foods14132240,apellido+inicial,2026-08-26
Montalva-Valenzuela F.,0000-0003-0004-3089,2-s2.0-105010261920,10.17979/sportis.2025.11.3.11920,apellido+inicial,2026-08-26
Zañartu T.V.,0009-0005-2748-7888,2-s2.0-105010312297,10.7764/redad.41.9,apellido+inicial,2026-08-26
Simón L.,0000-0002-0130-3519,2-s2.0-105010435195,10.1016/j.biopha.2025.118339,apellido+inicial,2026-08-26
Torres K.,0000-0001-7638-6438,2-s2.0-105010435195,10.1016/j.biopha.2025.118339,apellido+inicial,2026-08-26
Mujika I.,0000-0002-8143-9132,2-s2.0-105010940955,10.3389/fspor.2025.1541765,apellido+inicial,2026-08-26
Díaz F.,0000-0003-4763-074X,2-s2.0-105011376001,10.32641/andespediatr.v96i4.5361,apellido+inicial,2026-08-26
Fernández-Verdejo R.,0000-0002-5948-2281,2-s2.0-105011383287,10.1038/s41574-025-01149-1,apellido+inicial,2026-08-26
Mena C.,0000-0003-1906-1156,2-s2.0-105011399576,10.1017/S0033291725101062,apellido+inicial,2026-08-26
Gonzalez-Valderrama A.,0000-0003-4716-4021,2-s2.0-105011399576,10.1017/S0033291725101062,apellido+inicial,2026-08-26
Zamora L.C.,0000-0002-9421-1006,2-s2.0-105011526303,10.3828/coma.2023.5,apellido+inicial,2026-08-26
Cancino-López J.,0000-0003-3620-9861,2-s2.0-105011706421,10.3390/app15147873,apellido+inicial,2026-08-26
Paredes R.,0000-0002-9943-2510,2-s2.0-105011860926,10.3390/data10070095,apellido+inicial,2026-08-26
Paredes R.,0000-0002-9943-2510,2-s2.0-105011861852,10.3390/data10070093,apellido+inicial,2026-08-26
Mujika I.,0000-0002-8143-9132,2-s2.0-105012780820,10.1123/ijspp.2025-0185,apellido+inicial,2026-08-26
Figueroa-Bustos A.,0000-0002-1748-1037,2-s2.0-105012781743,10.7764/cdi.61.87916,apellido+inicial,2026-08-26
Yanine F.F.,0000-0003-1086-0840,2-s2.0-105012953195,10.1007/s00202-025-03312-3,apellido+inicial,2026-08-26
López Arana S.,0000-0002-4312-1318,2-s2.0-105012964277,10.64159/rchnut-52-3-1,apellido+inicial,2026-08-26
Sanchez-Duque C.G.,0009-0000-9651-2841,2-s2.0-105013179657,10.1080/08929092.2025.2527042,apellido+inicial,2026-08-26
Vasquez F.,0000-0003-1769-3969,2-s2.0-105013199742,10.3390/ijms26157440,apellido+inicial,2026-08-26
Tiscornia C.,0000-0002-0138-083X,2-s2.0-105013199742,10.3390/ijms26157440,apellido+inicial,2026-08-26
Lorca-Ponce E.,0000-0003-1881-2798,2-s2.0-105013199742,10.3390/ijms26157440,apellido+inicial,2026-08-26
Morales J.-P.,0000-0002-7304-5256,2-s2.0-105013202169,10.1186/s40359-025-03145-6,apellido+inicial,2026-08-26
Orellana-Donoso M.,0000-0002-1781-062X,2-s2.0-105013309795,10.3390/diagnostics15151858,apellido+inicial,2026-08-26
Mena C.,0000-0003-1906-1156,2-s2.0-105013392942,10.1038/s41537-025-00653-7,apellido+inicial,2026-08-26
Gonzalez-Valderrama A.,0000-0003-4716-4021,2-s2.0-105013392942,10.1038/s41537-025-00653-7,apellido+inicial,2026-08-26
Castiglioni C.,0000-0002-1981-7550,2-s2.0-105013525045,10.1177/22143602251320267,apellido+inicial,2026-08-26
Fuente M.D.L.,0000-0003-0577-7604,2-s2.0-105013575505,10.3389/fphar.2025.1633575,apellido+inicial,2026-08-26
Landskron G.,0000-0002-7953-6769,2-s2.0-105013575505,10.3389/fphar.2025.1633575,apellido+inicial,2026-08-26
Valdés C.Á.,0000-0003-0402-5072,2-s2.0-105013639272,10.14221/1835-517X.6700,apellido+inicial,2026-08-26
Carriel-Nesvara A.,0009-0002-0205-4478,2-s2.0-105013654794,10.1016/j.fbio.2025.107433,apellido+inicial,2026-08-26
Castro-Sepúlveda M.,0000-0002-2270-299X,2-s2.0-105013654794,10.1016/j.fbio.2025.107433,apellido+inicial,2026-08-26
Carvajal C.,0000-0002-1712-7396,2-s2.0-105013688751,10.24875/BMHIM.24000109,apellido+inicial,2026-08-26
Orellana-Donoso M.,0000-0002-1781-062X,2-s2.0-105013783691,10.1016/j.wneu.2025.124317,apellido+inicial,2026-08-26
Mujika I.,0000-0002-8143-9132,2-s2.0-105014108527,10.1123/ijspp.2025-0303,apellido+inicial,2026-08-26
Mujika I.,0000-0002-8143-9132,2-s2.0-105014129804,10.1123/ijspp.2025-0051,apellido+inicial,2026-08-26
Hidalgo M.,0000-0003-3191-3673,2-s2.0-105014314090,10.3390/pr13082559,apellido+inicial,2026-08-26
Yanine F.,0000-0003-1086-0840,2-s2.0-105014314090,10.3390/pr13082559,apellido+inicial,2026-08-26
Paredes R.,0000-0002-9943-2510,2-s2.0-105014314090,10.3390/pr13082559,apellido+inicial,2026-08-26
Mariotti-Celis M.S.,0000-0003-1357-812X,2-s2.0-105014339563,10.1016/j.lwt.2025.118398,apellido+inicial,2026-08-26
Henriquez-Olguín C.,0000-0002-9315-9365,2-s2.0-105014537995,10.1016/j.redox.2025.103844,apellido+inicial,2026-08-26
Giglio A.,0000-0002-0533-4531,2-s2.0-105014602755,10.2147/JMDH.S531343,apellido+inicial,2026-08-26
Ferre A.,0000-0003-1770-244X,2-s2.0-105014602755,10.2147/JMDH.S531343,apellido+inicial,2026-08-26
Mujika I.,0000-0002-8143-9132,2-s2.0-105014875925,10.1007/s00421-025-05945-5,apellido+inicial,2026-08-26
Puyol F.,0000-0002-2161-5894,2-s2.0-105015162848,10.1080/03075079.2025.2543441,apellido+inicial,2026-08-26
González A.,0000-0002-6139-4299,2-s2.0-105015299960,10.1016/j.cmpb.2025.109067,apellido+inicial,2026-08-26
Giglio A.,0000-0002-0533-4531,2-s2.0-105015569770,10.3390/jcm14165759,apellido+inicial,2026-08-26
Orellana-Donoso M.,0000-0002-1781-062X,2-s2.0-105015841990,10.3390/ijms26178695,apellido+inicial,2026-08-26
Orellana-Donoso M.,0000-0002-1781-062X,2-s2.0-105016120982,10.3390/diagnostics15172272,apellido+inicial,2026-08-26
Lopez-Arana S.,0000-0002-4312-1318,2-s2.0-105016131168,10.1186/s13690-025-01664-7,apellido+inicial,2026-08-26
Mujika I.,0000-0002-8143-9132,2-s2.0-105016573331,10.3389/fspor.2025.1557774,apellido+inicial,2026-08-26
Orellana-Donoso M.,0000-0002-1781-062X,2-s2.0-105017155084,10.3390/nu17182991,apellido+inicial,2026-08-26
Gubbins V.,0000-0003-2175-2941,2-s2.0-105017463254,10.3390/socsci14090539,apellido+inicial,2026-08-26
Valdés C.Á.,0000-0003-0402-5072,2-s2.0-105017683036,10.7764/PEL.62.2.2025.7,apellido+inicial,2026-08-26
Lang M.,0000-0002-8465-5471,2-s2.0-105017948166,10.3389/fpubh.2025.1672503,apellido+inicial,2026-08-26
Castillo O.,0000-0002-4411-8655,2-s2.0-105017992313,10.64159/RCHNUT-52-4-8,apellido+inicial,2026-08-26
Henriquez-Olguin C.,0000-0002-9315-9365,2-s2.0-105018093154,10.1016/j.freeradbiomed.2025.09.047,apellido+inicial,2026-08-26
Carvajal G.,0000-0002-5283-2672,2-s2.0-105018212364,10.7764/Tl.75.33-65,apellido+inicial,2026-08-26
Henríquez-Olguin C.,0000-0002-9315-9365,2-s2.0-105018969990,10.1016/j.molmet.2025.102261,apellido+inicial,2026-08-26
Giglio A.,0000-0002-0533-4531,2-s2.0-105019250134,10.1177/09612033251390607,apellido+inicial,2026-08-26
Pizarro S.I.,0000-0003-3454-4252,2-s2.0-105019256759,10.12688/MEP.21005.1,apellido+inicial,2026-08-26
Mujika I.,0000-0002-8143-9132,2-s2.0-105019666650,10.1123/ijspp.2024-0303,apellido+inicial,2026-08-26
Solar P.,0000-0002-7035-7270,2-s2.0-105019925203,10.1007/s10853-025-11168-y,apellido+inicial,2026-08-26
Benites M.H.,0000-0001-6366-534X,2-s2.0-105020199353,10.1186/s13054-025-05694-z,apellido+inicial,2026-08-26
Pineda T.,0000-0002-9537-0658,2-s2.0-105020593436,10.1002/ksa.70132,apellido+inicial,2026-08-26
Orellana-Donoso M.,0000-0002-1781-062X,2-s2.0-105020835214,10.1016/j.wneu.2025.124531,apellido+inicial,2026-08-26
Orellana-Donoso M.,0000-0002-1781-062X,2-s2.0-105021234505,10.1002/ar.70089,apellido+inicial,2026-08-26
Orellana-Donoso M.,0000-0002-1781-062X,2-s2.0-105021417953,10.3390/diagnostics15212800,apellido+inicial,2026-08-26
Muzard A.,0000-0002-3803-1983,2-s2.0-105021421573,10.1080/02668734.2025.2576057,apellido+inicial,2026-08-26
López-Arana S.,0000-0002-4312-1318,2-s2.0-105021446355,10.3390/nu17213481,apellido+inicial,2026-08-26
Bustos-Arriagada E.,0000-0003-4698-1425,2-s2.0-105021446355,10.3390/nu17213481,apellido+inicial,2026-08-26
Lopez-Arana S.,0000-0002-4312-1318,2-s2.0-105021462010,10.1080/16549716.2025.2574132,apellido+inicial,2026-08-26
Bustos-Arriagada E.,0000-0003-4698-1425,2-s2.0-105021636801,10.3390/nu17213444,apellido+inicial,2026-08-26
Etchegaray-Armijo K.,0000-0002-8536-3729,2-s2.0-105021636801,10.3390/nu17213444,apellido+inicial,2026-08-26
Fernández-Verdejo R.,0000-0002-5948-2281,2-s2.0-105022004567,10.1210/clinem/dgaf247,apellido+inicial,2026-08-26
Valderrama P.,0000-0002-2232-8168,2-s2.0-105022173050,10.4067/s0034-98872025001100760,apellido+inicial,2026-08-26
Mujika I.,0000-0002-8143-9132,2-s2.0-105022178795,10.1123/ijspp.2025-0270,apellido+inicial,2026-08-26
Mujika I.,0000-0002-8143-9132,2-s2.0-105022195058,10.1123/ijspp.2025-0025,apellido+inicial,2026-08-26
Gálvez M.,0000-0002-8638-5268,2-s2.0-105022610814,10.1038/s41598-025-25186-y,apellido+inicial,2026-08-26
Valdés C.Á.,0000-0003-0402-5072,2-s2.0-105022754408,10.7770/CUHSO-V35N1-ART801,apellido+inicial,2026-08-26
Ramos T.,0000-0001-8563-5483,2-s2.0-105022805166,10.1093/arclin/acaf073,apellido+inicial,2026-08-26
Mujika I.,0000-0002-8143-9132,2-s2.0-105022964082,10.1007/978-3-031-44270-4_11,apellido+inicial,2026-08-26
Lang M.,0000-0002-8465-5471,2-s2.0-105023068352,10.3390/ijms262210843,apellido+inicial,2026-08-26
Quezada M.,0000-0003-1637-1909,2-s2.0-105023068352,10.3390/ijms262210843,apellido+inicial,2026-08-26
Figueroa D.,0000-0003-2118-9159,2-s2.0-105023358927,10.1007/978-981-96-2747-9_12,apellido+inicial,2026-08-26
Simón L.,0000-0002-0130-3519,2-s2.0-105023504126,10.3390/antiox14111369,apellido+inicial,2026-08-26
Orellana-Donoso M.,0000-0002-1781-062X,2-s2.0-105024475536,10.3390/diagnostics15232984,apellido+inicial,2026-08-26
Zamorano S.,0009-0004-3725-4204,2-s2.0-105024529012,10.17126/joralres.2025.020,apellido+inicial,2026-08-26
Caro J.C.,0009-0005-8002-1366,2-s2.0-105024529012,10.17126/joralres.2025.020,apellido+inicial,2026-08-26
Ponce N.,0000-0002-4360-8249,2-s2.0-105024529012,10.17126/joralres.2025.020,apellido+inicial,2026-08-26
Moya P.,0000-0002-8442-2571,2-s2.0-105024529012,10.17126/joralres.2025.020,apellido+inicial,2026-08-26
Aedo S.,0000-0001-5567-3374,2-s2.0-105024621696,10.3390/ijms262311346,apellido+inicial,2026-08-26
Hernández R.N.,0000-0002-3871-3108,2-s2.0-105024771428,10.22199/issn.0719-8175-6479,apellido+inicial,2026-08-26
Mendez-Rebolledo G.,0000-0001-7948-3807,2-s2.0-105024993739,10.7717/peerj.20364,apellido+inicial,2026-08-26
Santibáñez D.,0000-0001-7840-9138,2-s2.0-105025646291,10.25267/Rev_Eureka_ensen_divulg_cienc.2025.v22.i3.3302,apellido+inicial,2026-08-26
Montalva-Valenzuela F.,0000-0003-0004-3089,2-s2.0-105025676736,10.3390/psychiatryint6040120,apellido+inicial,2026-08-26
Gubbins V.,0000-0003-2175-2941,2-s2.0-105025746138,10.3390/covid5120208,apellido+inicial,2026-08-26
Díaz F.,0000-0003-4763-074X,2-s2.0-105026244514,10.32641/andespediatr.v96i6.6008,apellido+inicial,2026-08-26
Giordanino E.,0000-0001-7380-4753,2-s2.0-105026965629,10.1016/j.rmclc.2025.10.002,apellido+inicial,2026-08-26
Hidalgo M.,0000-0003-3191-3673,2-s2.0-105029840294,10.1109/TEMSCONLATAM65810.2025.11238525,apellido+inicial,2026-08-26
Hill A.C.,0000-0001-5940-1050,2-s2.0-105030379902,10.7764/ANALESLITCHI.44.12,apellido+inicial,2026-08-26
Kobayashi M.A.,0000-0002-3883-6220,2-s2.0-105030880867,10.7764/ANALESLITCHI.44.18,apellido+inicial,2026-08-26
Díaz F.,0000-0003-4763-074X,2-s2.0-105030927249,10.32641/andespediatr.v96i6.5684,apellido+inicial,2026-08-26
Casals M.,0000-0001-6746-4473,2-s2.0-105032576880,10.61490/eial.v34i1.1796,apellido+inicial,2026-08-26
Abara J.F.,0000-0001-8190-2361,2-s2.0-105034655965,10.38178/07183089/1211230605,apellido+inicial,2026-08-26
Casals M.,0000-0001-6746-4473,2-s2.0-105034689949,10.38178/07183089/1916231230,apellido+inicial,2026-08-26
López-Arana S.,0000-0002-4312-1318,2-s2.0-105034853792,10.64159/RCHNUT-52-5-10,apellido+inicial,2026-08-26
López-Arana S.,0000-0002-4312-1318,2-s2.0-105034890639,10.64159/RCHNUT-52-6-7,apellido+inicial,2026-08-26
Rojas D.,0000-0002-1675-2958,2-s2.0-105035827005,10.1109/SCCC67219.2025.11420775,apellido+inicial,2026-08-26
Arregui L.M.D.,0000-0001-7614-456X,2-s2.0-105040086008,10.24822/rjduandes.0902.4,apellido+inicial,2026-08-26
Nieto I.,0000-0001-5600-9248,2-s2.0-85099562409,10.1007/s00146-020-01138-0,apellido+inicial,2026-08-26
Valenzuela T.,0000-0001-7764-0223,2-s2.0-85110601012,10.1519/JPT.0000000000000321,apellido+inicial,2026-08-26
Santos M.,0000-0002-2658-3764,2-s2.0-85118540330,10.1177/14614448211054830,apellido+inicial,2026-08-26
Valle M.A.,0000-0003-1362-2776,2-s2.0-85124551018,10.1007/s43076-022-00148-9,apellido+inicial,2026-08-26
Santibáñez D.,0000-0001-7840-9138,2-s2.0-85124814881,10.1007/s11165-022-10042-0,apellido+inicial,2026-08-26
Flores-Opazo M.,0000-0001-8743-1708,2-s2.0-85129294437,10.1080/02701367.2021.2022087,apellido+inicial,2026-08-26
Jannas-Vela S.,0000-0001-9619-592X,2-s2.0-85132607927,10.1080/02701367.2022.2060926,apellido+inicial,2026-08-26
Bustamante A.,0000-0002-5385-6967,2-s2.0-85132607927,10.1080/02701367.2022.2060926,apellido+inicial,2026-08-26
Zbinden-Foncea H.,0000-0002-9643-1037,2-s2.0-85132607927,10.1080/02701367.2022.2060926,apellido+inicial,2026-08-26
Ceron M.L.,0000-0001-8662-8189,2-s2.0-85137245275,10.1002/qua.27008,apellido+inicial,2026-08-26
Festa R.R.,0000-0003-4757-483X,2-s2.0-85137821773,10.1055/a-1929-0295,apellido+inicial,2026-08-26
Cancino J.,0000-0002-8273-159X,2-s2.0-85137821773,10.1055/a-1929-0295,apellido+inicial,2026-08-26
Varas-Diaz G.,0000-0002-4621-056X,2-s2.0-85138401582,10.1080/09593985.2022.2122763,apellido+inicial,2026-08-26
Farsani D.,0000-0002-9412-3161,2-s2.0-85144119119,10.1007/s12124-022-09742-z,apellido+inicial,2026-08-26
Gonzalez-Valderrama A.,0000-0003-4716-4021,2-s2.0-85144656709,10.1007/s00127-022-02397-6,apellido+inicial,2026-08-26
Mujika I.,0000-0002-8143-9132,2-s2.0-85145242290,10.1123/ijspp.2022-0186,apellido+inicial,2026-08-26
Mujika I.,0000-0002-8143-9132,2-s2.0-85145242374,10.1123/ijspp.2022-0233,apellido+inicial,2026-08-26
Castro M.,0000-0002-5482-4676,2-s2.0-85145743670,10.1016/j.spinee.2022.12.002,apellido+inicial,2026-08-26
Martinez M.,0000-0002-8127-7620,2-s2.0-85145743670,10.1016/j.spinee.2022.12.002,apellido+inicial,2026-08-26
Faúndez M.O.,0000-0002-0158-6651,2-s2.0-85145868063,10.3390/math11010034,apellido+inicial,2026-08-26
Montalva-Valenzuela F.,0000-0003-0004-3089,2-s2.0-85145969065,10.3390/ijerph20010209,apellido+inicial,2026-08-26
Farsani D.,0000-0002-9412-3161,2-s2.0-85146068370,10.1016/j.jmathb.2022.101028,apellido+inicial,2026-08-26
Fernández-Verdejo R.,0000-0002-5948-2281,2-s2.0-85146176572,10.1017/S0007114523000028,apellido+inicial,2026-08-26
Simón L.,0000-0002-0130-3519,2-s2.0-85146756475,10.3390/antiox12010126,apellido+inicial,2026-08-26
Angulo J.,0000-0002-0471-4751,2-s2.0-85147045247,10.3390/v15010008,apellido+inicial,2026-08-26
Aedo S.,0000-0001-5567-3374,2-s2.0-85147046989,10.1097/GME.0000000000002123,apellido+inicial,2026-08-26
Farsani D.,0000-0002-9412-3161,2-s2.0-85147588640,10.1515/psicl-2022-1056,apellido+inicial,2026-08-26
Mujika I.,0000-0002-8143-9132,2-s2.0-85147620671,10.14814/phy2.15593,apellido+inicial,2026-08-26
Urrutia A.,0000-0002-1806-1616,2-s2.0-85148097776,10.3233/JIFS-211746,apellido+inicial,2026-08-26
Cancino J.,0000-0002-8273-159X,2-s2.0-85148749088,10.1016/j.rmclc.2022.12.002,apellido+inicial,2026-08-26
Farsani D.,0000-0002-9412-3161,2-s2.0-85148858002,10.3390/axioms12020119,apellido+inicial,2026-08-26
Mujika I.,0000-0002-8143-9132,2-s2.0-85149175638,10.1123/ijspp.2022-0323,apellido+inicial,2026-08-26
Mujika I.,0000-0002-8143-9132,2-s2.0-85149541629,10.1080/14763141.2023.2184418,apellido+inicial,2026-08-26
Elorrieta V.,0000-0003-1268-9784,2-s2.0-85149813674,10.1016/j.urology.2023.01.042,apellido+inicial,2026-08-26
Salvadó J.A.,0000-0002-9839-8015,2-s2.0-85149813674,10.1016/j.urology.2023.01.042,apellido+inicial,2026-08-26
Farsani D.,0000-0002-9412-3161,2-s2.0-85150284848,10.29333/ejmste/12977,apellido+inicial,2026-08-26
Candia-Véjar A.,0000-0003-2953-6522,2-s2.0-85150303899,10.1016/j.eswa.2023.119864,apellido+inicial,2026-08-26
Diaz F.,0000-0003-4763-074X,2-s2.0-85150396941,10.1164/rccm.202207-1360LE,apellido+inicial,2026-08-26
Zbinden-Foncea H.,0000-0002-9643-1037,2-s2.0-85151108437,10.3390/nu15061365,apellido+inicial,2026-08-26
Hevia-Larraín V.,0000-0002-3019-4462,2-s2.0-85151108437,10.3390/nu15061365,apellido+inicial,2026-08-26
Castro-Sepulveda M.,0000-0002-2270-299X,2-s2.0-85151108437,10.3390/nu15061365,apellido+inicial,2026-08-26
Rojas D.,0000-0002-1675-2958,2-s2.0-85151137553,10.33423/jhetp.v23i3.5849,apellido+inicial,2026-08-26
González-Valderrama A.,0000-0003-4716-4021,2-s2.0-85151239151,10.1016/j.nicl.2023.103391,apellido+inicial,2026-08-26
Mariotti-Celis M.S.,0000-0003-1357-812X,2-s2.0-85151440933,10.1016/j.lwt.2023.114676,apellido+inicial,2026-08-26
Orellana-Donoso M.,0000-0002-1781-062X,2-s2.0-85151492301,10.3390/app13063510,apellido+inicial,2026-08-26
Muzard A.,0000-0002-3803-1983,2-s2.0-85151560586,10.1016/j.invent.2023.100616,apellido+inicial,2026-08-26
Muzard A.,0000-0002-3803-1983,2-s2.0-85151782336,10.21037/mhealth-22-37,apellido+inicial,2026-08-26
Rego T.,0000-0003-2271-4568,2-s2.0-85152245530,10.5209/ashf.79642,apellido+inicial,2026-08-26
Castro-Sepulveda M.,0000-0002-2270-299X,2-s2.0-85152321822,10.1016/B978-0-323-90256-4.00028-X,apellido+inicial,2026-08-26
Mariotti-Celis M.S.,0000-0003-1357-812X,2-s2.0-85152839187,10.1016/B978-0-12-823589-8.00009-1,apellido+inicial,2026-08-26
Ponce D.,0000-0002-6178-6938,2-s2.0-85152903274,10.1016/j.puhe.2023.03.007,apellido+inicial,2026-08-26
Zbinden-Foncea H.,0000-0002-9643-1037,2-s2.0-85153297071,10.1080/17461391.2023.2193944,apellido+inicial,2026-08-26
Fernández-Verdejo R.,0000-0002-5948-2281,2-s2.0-85153297071,10.1080/17461391.2023.2193944,apellido+inicial,2026-08-26
Lorca-Ponce E.,0000-0003-1881-2798,2-s2.0-85153612820,10.1111/ejn.15986,apellido+inicial,2026-08-26
Chavez-Reyes A.,0000-0002-6655-815X,2-s2.0-85153785558,10.3390/ncrna9020021,apellido+inicial,2026-08-26
Hidalgo-Rosa Y.,0000-0002-1391-435X,2-s2.0-85154057614,10.1016/j.jlumin.2023.119896,apellido+inicial,2026-08-26
Castro-Sepulveda M.,0000-0002-2270-299X,2-s2.0-85154572388,10.2174/0929867329666221007115809,apellido+inicial,2026-08-26
Gonzalez-Valderrama A.,0000-0003-4716-4021,2-s2.0-85158077844,10.1073/pnas.2218782120,apellido+inicial,2026-08-26
Carvajal G.,0000-0002-5283-2672,2-s2.0-85158815783,10.3828/BHS.2023.30,apellido+inicial,2026-08-26
Castro-Sepulveda M.,0000-0002-2270-299X,2-s2.0-85158828554,10.1016/j.metabol.2023.155578,apellido+inicial,2026-08-26
Fernández-Verdejo R.,0000-0002-5948-2281,2-s2.0-85158828554,10.1016/j.metabol.2023.155578,apellido+inicial,2026-08-26
Zbinden-Foncea H.,0000-0002-9643-1037,2-s2.0-85158828554,10.1016/j.metabol.2023.155578,apellido+inicial,2026-08-26
Martinez-Mardones M.B.,0000-0003-3296-3330,2-s2.0-85158846799,10.3389/fonc.2023.1150181,apellido+inicial,2026-08-26
Etchegaray-Armijo K.,0000-0002-8536-3729,2-s2.0-85158853973,10.4067/S0717-75182023000100056,apellido+inicial,2026-08-26
Bustos-Arriagada E.,0000-0003-4698-1425,2-s2.0-85158853973,10.4067/S0717-75182023000100056,apellido+inicial,2026-08-26
Santibáñez D.,0000-0001-7840-9138,2-s2.0-85158982455,10.4324/9780367855758-23,apellido+inicial,2026-08-26
Gonzalez-Valderrama A.,0000-0003-4716-4021,2-s2.0-85159544230,10.1093/schbul/sbac187,apellido+inicial,2026-08-26
Diaz F.,0000-0003-4763-074X,2-s2.0-85159734220,10.1164/rccm.202303-0364LE,apellido+inicial,2026-08-26
Yanine F.F.,0000-0003-1086-0840,2-s2.0-85159961359,10.3389/fenrg.2023.1195418,apellido+inicial,2026-08-26
Hernández L.T.,0000-0003-4666-2491,2-s2.0-85160080137,10.46688/ahmoi.n22.406,apellido+inicial,2026-08-26
Farsani D.,0000-0002-9412-3161,2-s2.0-85160225300,10.1007/s41809-023-00125-3,apellido+inicial,2026-08-26
Casas-Cordero J.P.,0000-0001-9893-022X,2-s2.0-85160233146,10.1007/s43465-023-00906-6,apellido+inicial,2026-08-26
Hidalgo-Rosa Y.,0000-0002-1391-435X,2-s2.0-85160283740,10.1007/s10853-023-08581-6,apellido+inicial,2026-08-26
Arazo-Rusindo M.,0000-0001-7585-7226,2-s2.0-85160353965,10.3390/nu15102239,apellido+inicial,2026-08-26
Tiscornia C.,0000-0002-0138-083X,2-s2.0-85160353965,10.3390/nu15102239,apellido+inicial,2026-08-26
Simón L.,0000-0002-0130-3519,2-s2.0-85160353965,10.3390/nu15102239,apellido+inicial,2026-08-26
Mariotti-Celis M.S.,0000-0003-1357-812X,2-s2.0-85160353965,10.3390/nu15102239,apellido+inicial,2026-08-26
Castro-Sepulveda M.,0000-0002-2270-299X,2-s2.0-85160376076,10.1186/s40659-023-00431-8,apellido+inicial,2026-08-26
Caffarena-Barcenilla C.,0000-0001-9550-3695,2-s2.0-85160420923,10.1007/s12144-023-04779-8,apellido+inicial,2026-08-26
Mariotti-Celis M.S.,0000-0003-1357-812X,2-s2.0-85160454058,10.3390/agronomy13051209,apellido+inicial,2026-08-26
Ferre A.,0000-0003-1770-244X,2-s2.0-85160548641,10.1016/j.rmclc.2023.03.009,apellido+inicial,2026-08-26
Jan N.V.S.,0009-0009-2540-9228,2-s2.0-85160548641,10.1016/j.rmclc.2023.03.009,apellido+inicial,2026-08-26
Reccius A.,0009-0004-3236-3030,2-s2.0-85160548641,10.1016/j.rmclc.2023.03.009,apellido+inicial,2026-08-26
Godoy-Torres V.,0000-0002-7893-0940,2-s2.0-85161261503,10.1140/epjp/s13360-023-04141-8,apellido+inicial,2026-08-26
Castro-Sepúlveda M.,0000-0002-2270-299X,2-s2.0-85161451497,10.1186/s40659-023-00436-3,apellido+inicial,2026-08-26
Canihuante C.Z.,0000-0002-6992-2877,2-s2.0-85161512216,10.1590/S1678-4634202349263089eng,apellido+inicial,2026-08-26
Morales J.-P.,0000-0002-7304-5256,2-s2.0-85162131052,10.1016/j.ynstr.2023.100551,apellido+inicial,2026-08-26
Valle M.A.,0000-0003-1362-2776,2-s2.0-85162243228,10.4067/s0718-27242023000100083,apellido+inicial,2026-08-26
Mancilla R.,0000-0002-2143-6386,2-s2.0-85162848531,10.14814/phy2.15734,apellido+inicial,2026-08-26
Undurraga R.,0000-0001-5801-2125,2-s2.0-85162966840,10.1111/blar.13487,apellido+inicial,2026-08-26
Aedo S.,0000-0001-5567-3374,2-s2.0-85163058875,10.3390/healthcare11111626,apellido+inicial,2026-08-26
Henriquez-Olguin C.,0000-0002-9315-9365,2-s2.0-85163335724,10.1073/pnas.2211041120,apellido+inicial,2026-08-26
Fernández-Verdejo R.,0000-0002-5948-2281,2-s2.0-85163863916,10.3390/foods12122313,apellido+inicial,2026-08-26
Shabani R.,0000-0001-8781-7862,2-s2.0-85164247517,10.1016/j.procs.2023.01.497,apellido+inicial,2026-08-26
Ishtiaque T.A.,0000-0002-3041-9748,2-s2.0-85164247517,10.1016/j.procs.2023.01.497,apellido+inicial,2026-08-26
Johansen A.,0000-0003-0063-3679,2-s2.0-85164247517,10.1016/j.procs.2023.01.497,apellido+inicial,2026-08-26
Torp O.,0000-0002-1916-5097,2-s2.0-85164247517,10.1016/j.procs.2023.01.497,apellido+inicial,2026-08-26
Farsani D.,0000-0002-9412-3161,2-s2.0-85164247517,10.1016/j.procs.2023.01.497,apellido+inicial,2026-08-26
Mujika I.,0000-0002-8143-9132,2-s2.0-85164258460,10.1371/journal.pone.0288344,apellido+inicial,2026-08-26
Valero-Breton M.,0000-0001-6552-2262,2-s2.0-85164498836,10.3389/fphys.2023.1194889,apellido+inicial,2026-08-26
Urrutia A.,0000-0002-1806-1616,2-s2.0-85164502148,10.1108/EJMBE-10-2022-0320,apellido+inicial,2026-08-26
Díaz F.,0000-0003-4763-074X,2-s2.0-85164586783,10.32641/andespediatr.v94i3.4616,apellido+inicial,2026-08-26
Valencia I.,0000-0002-2695-8044,2-s2.0-85164601270,10.5216/sec.v26.74664,apellido+inicial,2026-08-26
Castro-Sepulveda M.,0000-0002-2270-299X,2-s2.0-85164782414,10.3389/fcell.2023.1212779,apellido+inicial,2026-08-26
Tuñón-Suárez M.,0000-0002-3085-9057,2-s2.0-85164782414,10.3389/fcell.2023.1212779,apellido+inicial,2026-08-26
Vargas-Foitzick R.,0000-0003-4466-1276,2-s2.0-85164782414,10.3389/fcell.2023.1212779,apellido+inicial,2026-08-26
Zbinden-Foncea H.,0000-0002-9643-1037,2-s2.0-85164782414,10.3389/fcell.2023.1212779,apellido+inicial,2026-08-26
González A.,0000-0002-6139-4299,2-s2.0-85164923317,10.3390/ijms241310569,apellido+inicial,2026-08-26
Valle M.A.,0000-0003-1362-2776,2-s2.0-85165099350,10.1016/j.cities.2023.104465,apellido+inicial,2026-08-26
Mujika I.,0000-0002-8143-9132,2-s2.0-85165634348,10.1007/s40279-023-01889-y,apellido+inicial,2026-08-26
Giglio A.,0000-0002-0533-4531,2-s2.0-85165942931,10.1016/j.rmclc.2023.07.004,apellido+inicial,2026-08-26
Ferre A.,0000-0003-1770-244X,2-s2.0-85165942931,10.1016/j.rmclc.2023.07.004,apellido+inicial,2026-08-26
Jan N.V.S.,0009-0009-2540-9228,2-s2.0-85165942931,10.1016/j.rmclc.2023.07.004,apellido+inicial,2026-08-26
Dreyse J.,0000-0002-8201-5956,2-s2.0-85165942931,10.1016/j.rmclc.2023.07.004,apellido+inicial,2026-08-26
Mariotti-Celis M.S.,0000-0003-1357-812X,2-s2.0-85165944801,10.3390/antiox12071446,apellido+inicial,2026-08-26
Zbinden-Foncea H.,0000-0002-9643-1037,2-s2.0-85165967874,10.3390/nu15143244,apellido+inicial,2026-08-26
Díaz F.,0000-0003-4763-074X,2-s2.0-85166301280,10.1016/j.medin.2023.06.005,apellido+inicial,2026-08-26
Cerón M.L.,0000-0001-8662-8189,2-s2.0-85166389205,10.1039/d3cp02056h,apellido+inicial,2026-08-26
Mariotti-Celis M.S.,0000-0003-1357-812X,2-s2.0-85166506712,10.4067/S0717-75182023000200233,apellido+inicial,2026-08-26
Tavera A.T.,0000-0002-9369-0172,2-s2.0-85166670201,10.24192/2386-7027(2023)(v19)(08),apellido+inicial,2026-08-26
Macho R.A.M.,0000-0001-7592-1136,2-s2.0-85167666524,10.4321/S0376-78922023000200004,apellido+inicial,2026-08-26
Dreyse J.,0000-0002-8201-5956,2-s2.0-85167685213,10.3390/jcm12154961,apellido+inicial,2026-08-26
Jorquera J.,0000-0003-4348-8678,2-s2.0-85167685213,10.3390/jcm12154961,apellido+inicial,2026-08-26
Salas C.,0000-0002-9495-9866,2-s2.0-85167685213,10.3390/jcm12154961,apellido+inicial,2026-08-26
Henriquez-Olguin C.,0000-0002-9315-9365,2-s2.0-85167819692,10.1016/j.redox.2023.102842,apellido+inicial,2026-08-26
Ayala M.,0000-0002-9372-1645,2-s2.0-85168453709,10.5354/0719-1529.2023.68206,apellido+inicial,2026-08-26
Montero V.,0000-0003-4368-2868,2-s2.0-85168471820,10.5354/0719-1529.2023.68114,apellido+inicial,2026-08-26
Díaz F.,0000-0003-4763-074X,2-s2.0-85168588193,10.1002/ppul.26610,apellido+inicial,2026-08-26
Letelier J.P.,0000-0002-4054-3187,2-s2.0-85168628007,10.4067/S0718-09502023000100161,apellido+inicial,2026-08-26
Torrealba F.P.,0000-0002-8138-029X,2-s2.0-85168628007,10.4067/S0718-09502023000100161,apellido+inicial,2026-08-26
Orellana-Donoso M.,0000-0002-1781-062X,2-s2.0-85169073153,10.3390/life13081710,apellido+inicial,2026-08-26
Ossa-Cox M.,0009-0006-4778-3235,2-s2.0-85169176437,10.1097/SCS.0000000000009474,apellido+inicial,2026-08-26
Dreyse J.,0000-0002-8201-5956,2-s2.0-85169302917,10.1007/s11325-023-02909-x,apellido+inicial,2026-08-26
Jorquera J.,0000-0003-4348-8678,2-s2.0-85169302917,10.1007/s11325-023-02909-x,apellido+inicial,2026-08-26
Salas C.,0000-0002-9495-9866,2-s2.0-85169302917,10.1007/s11325-023-02909-x,apellido+inicial,2026-08-26
Dreyse J.,0000-0002-8201-5956,2-s2.0-85169649150,10.2147/COPD.S424128,apellido+inicial,2026-08-26
Díaz F.,0000-0003-4763-074X,2-s2.0-85169848260,10.1097/PCC.0000000000003291,apellido+inicial,2026-08-26
Diaz F.,0000-0003-4763-074X,2-s2.0-85169848739,10.1097/PCC.0000000000003281,apellido+inicial,2026-08-26
Fernández-Verdejo R.,0000-0002-5948-2281,2-s2.0-85170029630,10.4067/s0717-75182023000300348,apellido+inicial,2026-08-26
Fernández-Verdejo R.,0000-0002-5948-2281,2-s2.0-85170255103,10.1017/S0007114523001927,apellido+inicial,2026-08-26
Soto L.,0000-0002-0829-8767,2-s2.0-85170692575,10.4067/S0034-98872023000100120,apellido+inicial,2026-08-26
Regueira T.,0000-0001-7253-5651,2-s2.0-85170692575,10.4067/S0034-98872023000100120,apellido+inicial,2026-08-26
Villarroel V.,0000-0002-3000-2248,2-s2.0-85171257650,10.3389/feduc.2023.1007137,apellido+inicial,2026-08-26
Carrillo D.J.P.,0000-0003-4111-3709,2-s2.0-85171306557,10.23854/autoc.v7i2.323,apellido+inicial,2026-08-26
Castro M.,0000-0002-5482-4676,2-s2.0-85171831612,10.1016/j.fas.2023.09.002,apellido+inicial,2026-08-26
Simón L.,0000-0002-0130-3519,2-s2.0-85172189023,10.3390/antiox12091734,apellido+inicial,2026-08-26
Mariotti-Celis M.S.,0000-0003-1357-812X,2-s2.0-85172189023,10.3390/antiox12091734,apellido+inicial,2026-08-26
Benites M.H.,0000-0001-6366-534X,2-s2.0-85172207120,10.1186/s40635-023-00550-2,apellido+inicial,2026-08-26
Soto L.,0000-0002-0829-8767,2-s2.0-85172207120,10.1186/s40635-023-00550-2,apellido+inicial,2026-08-26
Ferre A.,0000-0003-1770-244X,2-s2.0-85172207120,10.1186/s40635-023-00550-2,apellido+inicial,2026-08-26
González A.,0000-0002-6139-4299,2-s2.0-85172441471,10.1093/schbul/sbad041,apellido+inicial,2026-08-26
Mariotti-Celis M.S.,0000-0003-1357-812X,2-s2.0-85172467984,10.3390/foods12183326,apellido+inicial,2026-08-26
Fernández-Verdejo R.,0000-0002-5948-2281,2-s2.0-85172687954,10.3390/curroncol30090585,apellido+inicial,2026-08-26
Gubbins V.,0000-0003-2175-2941,2-s2.0-85172793336,10.7764/PEL.60.2.2023.8,apellido+inicial,2026-08-26
Mujika I.,0000-0002-8143-9132,2-s2.0-85172884699,10.1123/ijspp.2023-0174,apellido+inicial,2026-08-26
Cottin M.,0000-0002-9460-7190,2-s2.0-85173023995,10.1186/s12888-023-05201-0,apellido+inicial,2026-08-26
Martinez-Mardones M.,0000-0003-3296-3330,2-s2.0-85173375904,10.1186/s12876-023-02970-6,apellido+inicial,2026-08-26
Casals M.,0000-0001-6746-4473,2-s2.0-85173712679,10.1111/blar.13509,apellido+inicial,2026-08-26
Mariotti-Celis M.S.,0000-0003-1357-812X,2-s2.0-85173868977,10.3390/foods12193694,apellido+inicial,2026-08-26
Fernández-Verdejo R.,0000-0002-5948-2281,2-s2.0-85174029513,10.1038/s41574-023-00914-4,apellido+inicial,2026-08-26
Villarroel V.,0000-0002-3000-2248,2-s2.0-85174143023,10.3390/su151914199,apellido+inicial,2026-08-26
Farsani D.,0000-0002-9412-3161,2-s2.0-85174728321,10.1007/s00426-023-01887-9,apellido+inicial,2026-08-26
Cortina A.H.,0000-0003-3091-5386,2-s2.0-85175008740,10.1891/JNM-2021-0053,apellido+inicial,2026-08-26
Murray N.P.,0000-0001-8154-8550,2-s2.0-85175278794,10.31557/APJCP.2023.24.10.3373,apellido+inicial,2026-08-26
Aedo S.,0000-0001-5567-3374,2-s2.0-85175278794,10.31557/APJCP.2023.24.10.3373,apellido+inicial,2026-08-26
Hartmann D.,0000-0002-7140-4294,2-s2.0-85175278794,10.31557/APJCP.2023.24.10.3373,apellido+inicial,2026-08-26
Fernández-Verdejo R.,0000-0002-5948-2281,2-s2.0-85175348912,10.1016/j.jlr.2023.100442,apellido+inicial,2026-08-26
Jorquera J.,0000-0003-4348-8678,2-s2.0-85175374062,10.3390/jcm12206639,apellido+inicial,2026-08-26
Mujika I.,0000-0002-8143-9132,2-s2.0-85175498298,10.1123/ijspp.2023-0133,apellido+inicial,2026-08-26
Orellana-Donoso M.,0000-0002-1781-062X,2-s2.0-85175534452,10.3390/diagnostics13203282,apellido+inicial,2026-08-26
Candia-Véjar A.,0000-0003-2953-6522,2-s2.0-85175536928,10.1016/j.compag.2023.108392,apellido+inicial,2026-08-26
Henriquez-Olguin C.,0000-0002-9315-9365,2-s2.0-85175547049,10.1016/j.freeradbiomed.2023.10.404,apellido+inicial,2026-08-26
Castro M.,0000-0002-5482-4676,2-s2.0-85175952760,10.1177/27527530231190373,apellido+inicial,2026-08-26
Yanine F.F.,0000-0003-1086-0840,2-s2.0-85175966754,10.1515/ehs-2023-0015,apellido+inicial,2026-08-26
Yanine F.F.,0000-0003-1086-0840,2-s2.0-85176313811,10.1016/B978-0-323-95054-1.00007-X,apellido+inicial,2026-08-26
Orellana-Donoso M.,0000-0002-1781-062X,2-s2.0-85176369256,10.1097/MD.0000000000035368,apellido+inicial,2026-08-26
Cancino-Lopez J.,0000-0003-3620-9861,2-s2.0-85176748532,10.1136/bmjsem-2023-001749,apellido+inicial,2026-08-26
Macho R.M.,0000-0001-7592-1136,2-s2.0-85176928669,10.35687/s2452-454920230061848,apellido+inicial,2026-08-26
Cárdenas D.C.,0000-0002-6533-3266,2-s2.0-85176948592,10.35687/s2452-454920230061833,apellido+inicial,2026-08-26
Ubierna D.B.B.,0000-0002-1421-8989,2-s2.0-85176948592,10.35687/s2452-454920230061833,apellido+inicial,2026-08-26
Giglio A.,0000-0002-0533-4531,2-s2.0-85178463650,10.1016/j.rmclc.2023.09.009,apellido+inicial,2026-08-26
Ferre A.,0000-0003-1770-244X,2-s2.0-85178463650,10.1016/j.rmclc.2023.09.009,apellido+inicial,2026-08-26
Dreyse J.,0000-0002-8201-5956,2-s2.0-85178463650,10.1016/j.rmclc.2023.09.009,apellido+inicial,2026-08-26
Vallejos G.,0000-0002-6807-1791,2-s2.0-85179070817,10.24875/RECHOG.23000036,apellido+inicial,2026-08-26
Norambuena C.,0000-0002-7561-9524,2-s2.0-85179070817,10.24875/RECHOG.23000036,apellido+inicial,2026-08-26
Castillo N.,0000-0002-9377-136X,2-s2.0-85179070817,10.24875/RECHOG.23000036,apellido+inicial,2026-08-26
Montalva-Valenzuela F.,0000-0003-0004-3089,2-s2.0-85179083166,10.47197/RETOS.V51.97367,apellido+inicial,2026-08-26
Lang M.,0000-0002-8465-5471,2-s2.0-85179686047,10.3389/fresc.2023.1274180,apellido+inicial,2026-08-26
Farsani D.,0000-0002-9412-3161,2-s2.0-85180248342,10.1007/s41809-023-00136-0,apellido+inicial,2026-08-26
Puyol F.,0000-0002-2161-5894,2-s2.0-85180257668,10.1177/10283153231221652,apellido+inicial,2026-08-26
Valle M.A.,0000-0003-1362-2776,2-s2.0-85180657691,10.3390/e25121649,apellido+inicial,2026-08-26
Jorquera J.,0000-0003-4348-8678,2-s2.0-85181104283,10.1055/S-0043-1776770,apellido+inicial,2026-08-26
Dreyse J.,0000-0002-8201-5956,2-s2.0-85181104283,10.1055/S-0043-1776770,apellido+inicial,2026-08-26
Salas C.,0000-0002-9495-9866,2-s2.0-85181104283,10.1055/S-0043-1776770,apellido+inicial,2026-08-26
Undurraga R.,0000-0001-5801-2125,2-s2.0-85181196845,10.1080/14759551.2023.2294999,apellido+inicial,2026-08-26
García I.A.,0000-0003-2444-8179,2-s2.0-85181231740,10.15581/014.25.104-117,apellido+inicial,2026-08-26
Montero V.,0000-0003-4368-2868,2-s2.0-85181258963,10.7764/Aisth.74.16,apellido+inicial,2026-08-26
Giglio A.,0000-0002-0533-4531,2-s2.0-85181776321,10.1136/bcr-2023-257210,apellido+inicial,2026-08-26
Reccius A.,0009-0004-3236-3030,2-s2.0-85181776321,10.1136/bcr-2023-257210,apellido+inicial,2026-08-26
Ferre A.,0000-0003-1770-244X,2-s2.0-85181776321,10.1136/bcr-2023-257210,apellido+inicial,2026-08-26
Dreyse J.,0000-0002-8201-5956,2-s2.0-85181776321,10.1136/bcr-2023-257210,apellido+inicial,2026-08-26
Mansilla-Obando K.,0000-0003-4273-4259,2-s2.0-85181896730,10.3390/foods13010004,apellido+inicial,2026-08-26
Buchuk P.,0009-0009-8078-2738,2-s2.0-85181896730,10.3390/foods13010004,apellido+inicial,2026-08-26
Ortiz F.,0000-0003-0583-0073,2-s2.0-85181896730,10.3390/foods13010004,apellido+inicial,2026-08-26
Mansilla-Obando K.,0000-0003-4273-4259,2-s2.0-85181960019,10.3390/su152115482,apellido+inicial,2026-08-26
Altamirano M.,0000-0002-4290-4388,2-s2.0-85181960019,10.3390/su152115482,apellido+inicial,2026-08-26
Mariotti-Celis M.S.,0000-0003-1357-812X,2-s2.0-85182507728,10.1016/j.lwt.2023.115674,apellido+inicial,2026-08-26
Lucero-Mora J.,0000-0002-8554-7181,2-s2.0-85182858698,10.1111/iej.14029,apellido+inicial,2026-08-26
Dávila C.M.,0000-0002-6357-3469,2-s2.0-85182925307,10.7764/cdi.55.53227,apellido+inicial,2026-08-26
Zambrano C.,0000-0002-9538-1816,2-s2.0-85182945360,10.15381/lengsoc.v22i2.23855,apellido+inicial,2026-08-26
Murray N.P.,0000-0001-8154-8550,2-s2.0-85183026431,10.1515/oncologie-2023-0368,apellido+inicial,2026-08-26
Orellana-Donoso M.,0000-0002-1781-062X,2-s2.0-85183126596,10.4067/S0717-95022023000601720,apellido+inicial,2026-08-26
Mariotti-Celis M.S.,0000-0003-1357-812X,2-s2.0-85183352428,10.3390/foods13020265,apellido+inicial,2026-08-26
Carvajal G.,0000-0002-5283-2672,2-s2.0-85183668697,10.7764/ANALESLITCHI.40.02,apellido+inicial,2026-08-26
Simón L.,0000-0002-0130-3519,2-s2.0-85183684713,10.3389/fendo.2023.1293780,apellido+inicial,2026-08-26
Mariotti-Celis M.S.,0000-0003-1357-812X,2-s2.0-85183684713,10.3389/fendo.2023.1293780,apellido+inicial,2026-08-26
García F.,0000-0002-9548-5252,2-s2.0-85183699333,10.4067/S0034-98872023000300280,apellido+inicial,2026-08-26
Puyol F.,0000-0002-2161-5894,2-s2.0-85183952194,10.5354/0719-0527.2023.73369,apellido+inicial,2026-08-26
Valenzuela R.,0009-0007-8023-3400,2-s2.0-85183967700,10.1016/j.rmclc.2023.12.002,apellido+inicial,2026-08-26
Ferre A.,0000-0003-1770-244X,2-s2.0-85183967700,10.1016/j.rmclc.2023.12.002,apellido+inicial,2026-08-26
Giglio A.,0000-0002-0533-4531,2-s2.0-85183990068,10.1016/j.rmclc.2023.10.003,apellido+inicial,2026-08-26
Ramos A.,0000-0002-1248-0553,2-s2.0-85183990068,10.1016/j.rmclc.2023.10.003,apellido+inicial,2026-08-26
Arroyo A.,0000-0003-0157-5175,2-s2.0-85183990068,10.1016/j.rmclc.2023.10.003,apellido+inicial,2026-08-26
Ferre A.,0000-0003-1770-244X,2-s2.0-85183990068,10.1016/j.rmclc.2023.10.003,apellido+inicial,2026-08-26
Paredes R.,0000-0002-9943-2510,2-s2.0-85184054027,10.1016/j.heliyon.2024.e25348,apellido+inicial,2026-08-26
Muzard A.,0000-0002-3803-1983,2-s2.0-85184440738,10.2196/56319,apellido+inicial,2026-08-26
Ferre A.,0000-0003-1770-244X,2-s2.0-85184615443,10.1016/j.rmclc.2023.11.004,apellido+inicial,2026-08-26
Farsani D.,0000-0002-9412-3161,2-s2.0-85184790914,10.1007/s10936-024-10055-y,apellido+inicial,2026-08-26
Ceron M.L.,0000-0001-8662-8189,2-s2.0-85185484888,10.1039/d3ra08935e,apellido+inicial,2026-08-26
Murray N.P.,0000-0001-8154-8550,2-s2.0-85186210719,10.1016/bs.acc.2024.02.002,apellido+inicial,2026-08-26
Massa A.A.,0000-0003-3188-0189,2-s2.0-85186317409,10.19092/reed.v10.848,apellido+inicial,2026-08-26
Colihuinca T.O.,0009-0000-1598-1671,2-s2.0-85186317409,10.19092/reed.v10.848,apellido+inicial,2026-08-26
Ramirez P.,0000-0003-0593-7161,2-s2.0-85186319082,10.1016/j.jtct.2024.02.011,apellido+inicial,2026-08-26
Figueroa D.,0000-0003-2118-9159,2-s2.0-85186548748,10.1080/13632434.2024.2317787,apellido+inicial,2026-08-26
Mujika I.,0000-0002-8143-9132,2-s2.0-85186751610,10.1123/ijspp.2023-0516,apellido+inicial,2026-08-26
Landskron G.,0000-0002-7953-6769,2-s2.0-85187112825,10.3389/fimmu.2024.1384162,apellido+inicial,2026-08-26
Zbinden-Foncea H.,0000-0002-9643-1037,2-s2.0-85187152576,10.4067/s0717-75182023000600593,apellido+inicial,2026-08-26
Castro-Sepúlveda M.,0000-0002-2270-299X,2-s2.0-85187152576,10.4067/s0717-75182023000600593,apellido+inicial,2026-08-26
Mujika I.,0000-0002-8143-9132,2-s2.0-85187300239,10.1055/a-1560-5129,apellido+inicial,2026-08-26
Ayala M.,0000-0002-9372-1645,2-s2.0-85187311118,10.30827/rl.v0i32.29144,apellido+inicial,2026-08-26
Valle M.A.,0000-0003-1362-2776,2-s2.0-85187672325,10.1140/epjds/s13688-024-00455-4,apellido+inicial,2026-08-26
Mujika I.,0000-0002-8143-9132,2-s2.0-85188146191,10.5114/biolsport.2024.133661,apellido+inicial,2026-08-26
Kobayashi M.A.,0000-0002-6004-1301,2-s2.0-85188504047,10.4067/s0718-23762023000200455,apellido+inicial,2026-08-26
Morales J.-P.,0000-0002-7304-5256,2-s2.0-85188674768,10.1016/j.ssaho.2024.100883,apellido+inicial,2026-08-26
Lucero-Mora J.,0000-0002-8554-7181,2-s2.0-85189080106,10.3390/microorganisms12030624,apellido+inicial,2026-08-26
Ferre A.,0000-0003-1770-244X,2-s2.0-85189157391,10.1177/08850666241243306,apellido+inicial,2026-08-26
Giglio A.,0000-0002-0533-4531,2-s2.0-85189157391,10.1177/08850666241243306,apellido+inicial,2026-08-26
Reccius A.,0009-0004-3236-3030,2-s2.0-85189157391,10.1177/08850666241243306,apellido+inicial,2026-08-26
Dreyse J.,0000-0002-8201-5956,2-s2.0-85189157391,10.1177/08850666241243306,apellido+inicial,2026-08-26
Mariotti-Celis M.S.,0000-0003-1357-812X,2-s2.0-85189175737,10.3390/plants13060755,apellido+inicial,2026-08-26
Cancino-López J.,0000-0003-3620-9861,2-s2.0-85189331104,10.3389/fpubh.2024.1363015,apellido+inicial,2026-08-26
Mariotti-Celis M.S.,0000-0003-1357-812X,2-s2.0-85189448734,10.1515/ijfe-2023-0025,apellido+inicial,2026-08-26
Díaz F.,0000-0003-4763-074X,2-s2.0-85189660184,10.4103/tjem.tjem_339_22,apellido+inicial,2026-08-26
Mujika I.,0000-0002-8143-9132,2-s2.0-85189967168,10.1016/j.jsams.2024.03.005,apellido+inicial,2026-08-26
Gómez G.G.,0000-0001-5193-2738,2-s2.0-85189972501,10.23736/S0394-9508.23.05548-1,apellido+inicial,2026-08-26
Cancino-López J.,0000-0003-3620-9861,2-s2.0-85190519023,10.1007/s11695-024-07185-6,apellido+inicial,2026-08-26
Rodríguez C.,0000-0001-9578-495X,2-s2.0-85190693898,10.1530/EOR-23-0174,apellido+inicial,2026-08-26
Molina M.,0000-0002-7091-2633,2-s2.0-85190731738,10.1016/j.jor.2024.04.018,apellido+inicial,2026-08-26
Díaz F.,0000-0003-4763-074X,2-s2.0-85190753267,10.1164/rccm.202309-1629LE,apellido+inicial,2026-08-26
Díaz F.,0000-0003-4763-074X,2-s2.0-85190753457,10.1227/neu.0000000000002915,apellido+inicial,2026-08-26
Giglio A.,0000-0002-0533-4531,2-s2.0-85191040175,10.1007/s12028-024-01986-4,apellido+inicial,2026-08-26
Reccius A.,0009-0004-3236-3030,2-s2.0-85191040175,10.1007/s12028-024-01986-4,apellido+inicial,2026-08-26
Carvajal C.,0000-0002-1712-7396,2-s2.0-85191040175,10.1007/s12028-024-01986-4,apellido+inicial,2026-08-26
Ferre A.,0000-0003-1770-244X,2-s2.0-85191040175,10.1007/s12028-024-01986-4,apellido+inicial,2026-08-26
Giglio A.,0000-0002-0533-4531,2-s2.0-85191097483,10.1186/s13054-024-04916-0,apellido+inicial,2026-08-26
Ferre A.,0000-0003-1770-244X,2-s2.0-85191097483,10.1186/s13054-024-04916-0,apellido+inicial,2026-08-26
Reccius A.,0009-0004-3236-3030,2-s2.0-85191097483,10.1186/s13054-024-04916-0,apellido+inicial,2026-08-26
Dreyse J.,0000-0002-8201-5956,2-s2.0-85191103643,10.1136/bmjresp-2023-002101,apellido+inicial,2026-08-26
Tapia-Curimil G.,0000-0002-0587-1855,2-s2.0-85191194456,10.14814/phy2.16020,apellido+inicial,2026-08-26
Castro-Sepulveda M.,0000-0002-2270-299X,2-s2.0-85191194456,10.14814/phy2.16020,apellido+inicial,2026-08-26
Zbinden-Foncea H.,0000-0002-9643-1037,2-s2.0-85191194456,10.14814/phy2.16020,apellido+inicial,2026-08-26
Farsani D.,0000-0002-9412-3161,2-s2.0-85191248524,10.5406/19398298.136.4.03,apellido+inicial,2026-08-26
Giglio A.,0000-0002-0533-4531,2-s2.0-85191303984,10.1177/09612033241249574,apellido+inicial,2026-08-26
Muzard A.,0000-0002-3803-1983,2-s2.0-85191358580,10.1016/j.invent.2024.100744,apellido+inicial,2026-08-26
Huepe-Artigas D.,0000-0002-1258-5670,2-s2.0-85191374190,10.3389/fpsyg.2024.1321242,apellido+inicial,2026-08-26
Hidalgo-Rosa Y.,0000-0002-1391-435X,2-s2.0-85191660176,10.1016/j.jece.2024.112911,apellido+inicial,2026-08-26
Orellana-Donoso M.,0000-0002-1781-062X,2-s2.0-85191716936,10.1007/s00276-024-03348-3,apellido+inicial,2026-08-26
Bassa J.C.,0000-0002-2547-0135,2-s2.0-85191944493,10.1016/j.eucr.2024.102749,apellido+inicial,2026-08-26
Hidalgo-Rosa Y.,0000-0002-1391-435X,2-s2.0-85192014123,10.1016/j.jconrel.2024.04.035,apellido+inicial,2026-08-26
Valle M.A.,0000-0003-1362-2776,2-s2.0-85192173231,10.1016/j.najef.2024.102161,apellido+inicial,2026-08-26
Hidalgo-Rosa Y.,0000-0002-1391-435X,2-s2.0-85192205328,10.1016/j.cplett.2024.141288,apellido+inicial,2026-08-26
Montalva-Valenzuela F.,0000-0003-0004-3089,2-s2.0-85192374380,10.3934/publichealth.2024029,apellido+inicial,2026-08-26
Farsani D.,0000-0002-9412-3161,2-s2.0-85193239807,10.1515/psicl-2023-0035,apellido+inicial,2026-08-26
Orellana-Donoso M.,0000-0002-1781-062X,2-s2.0-85193467121,10.1007/s00276-024-03377-y,apellido+inicial,2026-08-26
Mujika I.,0000-0002-8143-9132,2-s2.0-85193712105,10.1123/ijspp.2023-0451,apellido+inicial,2026-08-26
Pizarro S.,0000-0003-3454-4252,2-s2.0-85193789492,10.1038/s41467-024-48624-3,apellido+inicial,2026-08-26
Fernández-Verdejo R.,0000-0002-5948-2281,2-s2.0-85193826870,10.1016/j.mam.2024.101277,apellido+inicial,2026-08-26
Tuñón-Suárez M.,0000-0002-3085-9057,2-s2.0-85193826870,10.1016/j.mam.2024.101277,apellido+inicial,2026-08-26
Yanine F.F.,0000-0003-1086-0840,2-s2.0-85194527332,10.1201/9781003481836-8,apellido+inicial,2026-08-26
Yanine F.F.,0000-0003-1086-0840,2-s2.0-85194527504,10.1201/9781003481836-10,apellido+inicial,2026-08-26
Henríquez-Olguín C.,0000-0002-9315-9365,2-s2.0-85194565971,10.1002/1873-3468.14937,apellido+inicial,2026-08-26
Simón L.,0000-0002-0130-3519,2-s2.0-85194821198,10.1016/j.biopha.2024.116841,apellido+inicial,2026-08-26
Fernández-Verdejo R.,0000-0002-5948-2281,2-s2.0-85194839690,10.4067/s0717-75182024000200103,apellido+inicial,2026-08-26
Etchegaray-Armijo K.,0000-0002-8536-3729,2-s2.0-85194863143,10.4067/s0717-75182024000200111,apellido+inicial,2026-08-26
Bustos-Arriagada E.,0000-0003-4698-1425,2-s2.0-85194863143,10.4067/s0717-75182024000200111,apellido+inicial,2026-08-26
Gómez G.,0000-0001-5193-2738,2-s2.0-85194896543,10.23736/S0393-3660.23.05152-5,apellido+inicial,2026-08-26
Soto M.,0000-0002-6502-4287,2-s2.0-85194896543,10.23736/S0393-3660.23.05152-5,apellido+inicial,2026-08-26
Massa Á.A.,0000-0003-3188-0189,2-s2.0-85195027038,10.37656/s20768400-2024-1-06,apellido+inicial,2026-08-26
Hartmann D.,0000-0002-7140-4294,2-s2.0-85195414523,10.1111/phpp.12985,apellido+inicial,2026-08-26
Orellana-Donoso M.,0000-0002-1781-062X,2-s2.0-85195795525,10.3390/jcm13113085,apellido+inicial,2026-08-26
Carvajal C.,0000-0002-1712-7396,2-s2.0-85196095290,10.3389/fped.2024.1386310,apellido+inicial,2026-08-26
Carneiro A.M.Y.,0000-0002-3163-2495,2-s2.0-85196098734,10.29344/0717621X.49.3303,apellido+inicial,2026-08-26
Villalobos P.,0009-0006-1082-5913,2-s2.0-85196187514,10.5209/aris.93263,apellido+inicial,2026-08-26
Dávila C.M.,0000-0002-6357-3469,2-s2.0-85196191257,10.1332/20467435Y2024D000000022,apellido+inicial,2026-08-26
Prieto I.T.,0000-0002-7501-5085,2-s2.0-85196191257,10.1332/20467435Y2024D000000022,apellido+inicial,2026-08-26
Busquets-Losada P.,0000-0002-1041-0543,2-s2.0-85196358755,10.5294/aqui.2024.24.2.1,apellido+inicial,2026-08-26
Landskron G.,0000-0002-7953-6769,2-s2.0-85196542544,10.1016/j.lfs.2024.122851,apellido+inicial,2026-08-26
Carriel-Nesvara A.,0009-0002-0205-4478,2-s2.0-85196771662,10.1113/JP285955,apellido+inicial,2026-08-26
Marchese-Bittencourt M.,0009-0007-5833-5355,2-s2.0-85196771662,10.1113/JP285955,apellido+inicial,2026-08-26
Zbinden-Foncea H.,0000-0002-9643-1037,2-s2.0-85196771662,10.1113/JP285955,apellido+inicial,2026-08-26
Castro-Sepúlveda M.,0000-0001-7673-7269,2-s2.0-85196771662,10.1113/JP285955,apellido+inicial,2026-08-26
Morales J.-P.,0000-0002-7304-5256,2-s2.0-85196854825,10.3389/fpsyg.2024.1244701,apellido+inicial,2026-08-26
Yanine F.F.,0000-0003-1086-0840,2-s2.0-85196976775,10.1016/j.egyr.2024.06.030,apellido+inicial,2026-08-26
Orellana-Donoso M.,0000-0002-1781-062X,2-s2.0-85197110778,10.3390/diagnostics14121277,apellido+inicial,2026-08-26
Orellana-Donoso M.,0000-0002-1781-062X,2-s2.0-85197149301,10.3390/jcm13123460,apellido+inicial,2026-08-26
Vasquez F.,0000-0003-1769-3969,2-s2.0-85197271178,10.47197/retos.v58.105127,apellido+inicial,2026-08-26
Hidalgo M.,0000-0003-3191-3673,2-s2.0-85197415065,10.1007/s42979-024-03044-4,apellido+inicial,2026-08-26
Diaz F.,0000-0003-4763-074X,2-s2.0-85197570653,10.1097/PCC.0000000000003500,apellido+inicial,2026-08-26
Landskron G.,0000-0002-7953-6769,2-s2.0-85197695723,10.3389/fphar.2024.1406784,apellido+inicial,2026-08-26
Benites M.H.,0000-0001-6366-534X,2-s2.0-85197805968,10.1186/s13054-024-05010-1,apellido+inicial,2026-08-26
Ferre A.,0000-0003-1770-244X,2-s2.0-85197805968,10.1186/s13054-024-05010-1,apellido+inicial,2026-08-26
Dreyse J.,0000-0002-8201-5956,2-s2.0-85197805968,10.1186/s13054-024-05010-1,apellido+inicial,2026-08-26
Mariotti-Celis M.S.,0000-0003-1357-812X,2-s2.0-85197877445,10.3390/antiox13060623,apellido+inicial,2026-08-26
Zambrano C.,0000-0002-9538-1816,2-s2.0-85198100692,10.4067/S0718-50062024000300011,apellido+inicial,2026-08-26
Orellana-Donoso M.,0000-0002-1781-062X,2-s2.0-85198397605,10.3390/diagnostics14131458,apellido+inicial,2026-08-26
Torres K.,0000-0001-7638-6438,2-s2.0-85198416544,10.3390/nu16132141,apellido+inicial,2026-08-26
Simón L.,0000-0002-0130-3519,2-s2.0-85198416544,10.3390/nu16132141,apellido+inicial,2026-08-26
Orellana-Donoso M.,0000-0002-1781-062X,2-s2.0-85198476555,10.3390/jcm13133689,apellido+inicial,2026-08-26
Díaz-Castro F.,0000-0003-1644-8742,2-s2.0-85198729088,10.1111/apha.14203,apellido+inicial,2026-08-26
Tuñón-Suárez M.,0000-0002-3085-9057,2-s2.0-85198729088,10.1111/apha.14203,apellido+inicial,2026-08-26
Cancino J.,0000-0002-8273-159X,2-s2.0-85198729088,10.1111/apha.14203,apellido+inicial,2026-08-26
Zbinden-Foncea H.,0000-0002-9643-1037,2-s2.0-85198729088,10.1111/apha.14203,apellido+inicial,2026-08-26
Henríquez-Olguín C.,0000-0002-9315-9365,2-s2.0-85198729088,10.1111/apha.14203,apellido+inicial,2026-08-26
Castro-Sepúlveda M.,0000-0002-2270-299X,2-s2.0-85198729088,10.1111/apha.14203,apellido+inicial,2026-08-26
Carvajal G.,0000-0002-5283-2672,2-s2.0-85198732308,10.1353/ltr.2024.a931944,apellido+inicial,2026-08-26
Yanine F.F.,0000-0003-1086-0840,2-s2.0-85199017649,10.1016/B978-0-443-13392-3.00019-0,apellido+inicial,2026-08-26
Torrealba F.P.,0000-0002-8138-029X,2-s2.0-85199188575,10.5354/0719-4633.2024.72647,apellido+inicial,2026-08-26
Orellana-Donoso M.,0000-0002-1781-062X,2-s2.0-85199872756,10.3390/ph17070856,apellido+inicial,2026-08-26
Santibáñez D.,0000-0001-7840-9138,2-s2.0-85200249531,10.1080/09500693.2024.2381841,apellido+inicial,2026-08-26
Mena C.,0000-0003-1906-1156,2-s2.0-85200432589,10.4067/s0034-98872023000801078,apellido+inicial,2026-08-26
Valenzuela C.,0000-0003-3564-153X,2-s2.0-85200432589,10.4067/s0034-98872023000801078,apellido+inicial,2026-08-26
Serrano M.J.,0000-0001-7968-9434,2-s2.0-85200432589,10.4067/s0034-98872023000801078,apellido+inicial,2026-08-26
Yanine F.F.,0000-0003-1086-0840,2-s2.0-85200812969,10.1016/j.uncres.2024.100101,apellido+inicial,2026-08-26
Cavada G.,0000-0002-3558-0266,2-s2.0-85200827817,10.1161/JAHA.123.035152,apellido+inicial,2026-08-26
Yanine F.F.,0000-0003-1086-0840,2-s2.0-85200832851,10.1515/ehs-2023-0124,apellido+inicial,2026-08-26
Fortuny E.,0000-0002-0864-5669,2-s2.0-85200898926,10.36311/jhgd.v34.15499,apellido+inicial,2026-08-26
Ferre A.,0000-0003-1770-244X,2-s2.0-85200962404,10.1177/02676591241272058,apellido+inicial,2026-08-26
Giglio A.,0000-0002-0533-4531,2-s2.0-85200962404,10.1177/02676591241272058,apellido+inicial,2026-08-26
Benites M.,0000-0001-6366-534X,2-s2.0-85200962404,10.1177/02676591241272058,apellido+inicial,2026-08-26
Dreyse J.,0000-0002-8201-5956,2-s2.0-85200962404,10.1177/02676591241272058,apellido+inicial,2026-08-26
Henríquez-Olguín C.,0000-0002-9315-9365,2-s2.0-85201146042,10.1016/j.freeradbiomed.2024.07.035,apellido+inicial,2026-08-26
Dreyse J.,0000-0002-8201-5956,2-s2.0-85201517464,10.1016/j.rmclc.2024.05.002,apellido+inicial,2026-08-26
Henriquez-Olguín C.,0000-0002-9315-9365,2-s2.0-85202564711,10.1210/endocr/bqae102,apellido+inicial,2026-08-26
Prado-Medel C.,0000-0001-5115-2133,2-s2.0-85202579214,10.1007/978-981-97-1814-6_69,apellido+inicial,2026-08-26
Montero V.,0000-0003-4368-2868,2-s2.0-85202591558,10.1386/vcr_00084_1,apellido+inicial,2026-08-26
Molina C.,0000-0001-8208-0435,2-s2.0-85202769941,10.1016/j.eats.2024.103195,apellido+inicial,2026-08-26
Fernández-Verdejo R.,0000-0002-5948-2281,2-s2.0-85202905959,10.1146/annurev-nutr-062122-031443,apellido+inicial,2026-08-26
Soto M.,0000-0002-6502-4287,2-s2.0-85203074360,10.23736/S0394-9508.23.05593-6,apellido+inicial,2026-08-26
Cancino-Lopez J.,0000-0003-3620-9861,2-s2.0-85203352103,10.1007/s11695-024-07451-7,apellido+inicial,2026-08-26
González-Hernández J.,0000-0003-3835-7104,2-s2.0-85203635565,10.4067/s0034-98872023001101464,apellido+inicial,2026-08-26
Chavez-Reyes A.,0000-0002-6655-815X,2-s2.0-85203665259,10.3390/cancers16172940,apellido+inicial,2026-08-26
Orellana-Donoso M.,0000-0002-1781-062X,2-s2.0-85204418067,10.1097/MD.0000000000039444,apellido+inicial,2026-08-26
Orellana-Donoso M.,0000-0002-1781-062X,2-s2.0-85205078698,10.3390/nu16183054,apellido+inicial,2026-08-26
Cancino-López J.,0000-0003-3620-9861,2-s2.0-85205080327,10.3390/antiox13091046,apellido+inicial,2026-08-26
Orellana-Donoso M.,0000-0002-1781-062X,2-s2.0-85205081067,10.3390/ph17091165,apellido+inicial,2026-08-26
Nieto I.,0000-0001-5600-9248,2-s2.0-85205188981,10.1007/978-3-031-47404-0,apellido+inicial,2026-08-26
Lagos M.,0000-0002-6114-0782,2-s2.0-85205228998,10.1016/j.physb.2024.416570,apellido+inicial,2026-08-26
Orellana-Donoso M.,0000-0002-1781-062X,2-s2.0-85205318422,10.1007/s00276-024-03494-8,apellido+inicial,2026-08-26
Cottin M.,0000-0002-9460-7190,2-s2.0-85205794317,10.1371/journal.pone.0311352,apellido+inicial,2026-08-26
Giglio A.,0000-0002-0533-4531,2-s2.0-85205816233,10.1016/j.regg.2024.101560,apellido+inicial,2026-08-26
Ferre A.,0000-0003-1770-244X,2-s2.0-85205816233,10.1016/j.regg.2024.101560,apellido+inicial,2026-08-26
Fernández-Verdejo R.,0000-0002-5948-2281,2-s2.0-85205918921,10.1111/ijpo.13182,apellido+inicial,2026-08-26
Dávila C.M.,0000-0002-6357-3469,2-s2.0-85205957638,10.1007/978-981-97-3418-4_20,apellido+inicial,2026-08-26
Mujika I.,0000-0002-8143-9132,2-s2.0-85206076775,10.3389/fphys.2024.1474479,apellido+inicial,2026-08-26
López-Arana S.,0000-0002-4312-1318,2-s2.0-85206123441,10.1186/s12889-024-20173-w,apellido+inicial,2026-08-26
Cartaya M.A.,0000-0001-8098-9960,2-s2.0-85206253906,10.1002/jeo2.70032,apellido+inicial,2026-08-26
Morales-Guevara R.,0000-0002-1147-619X,2-s2.0-85206501956,10.3390/molecules29194726,apellido+inicial,2026-08-26
Mujika I.,0000-0002-8143-9132,2-s2.0-85206696642,10.1123/ijspp.2024-0043,apellido+inicial,2026-08-26
Cortina A.H.,0000-0003-3091-5386,2-s2.0-85206800319,10.4067/s0034-98872024000300382,apellido+inicial,2026-08-26
Rodríguez C.,0000-0001-9578-495X,2-s2.0-85206889329,10.1530/EOR-24-0016,apellido+inicial,2026-08-26
Bustos-Arriagada E.,0000-0003-4698-1425,2-s2.0-85207330751,10.3390/app14209556,apellido+inicial,2026-08-26
Mariotti-Celis M.S.,0000-0003-1357-812X,2-s2.0-85207330751,10.3390/app14209556,apellido+inicial,2026-08-26
Jorquera J.,0000-0003-4348-8678,2-s2.0-85207350071,10.4067/s0034-98872024000400424,apellido+inicial,2026-08-26
Bustos-Arriagada E.,0000-0003-4698-1425,2-s2.0-85207515798,10.3390/nu16203540,apellido+inicial,2026-08-26
Mariotti-Celis M.S.,0000-0003-1357-812X,2-s2.0-85207515798,10.3390/nu16203540,apellido+inicial,2026-08-26
Orellana-Donoso M.I.,0000-0002-1781-062X,2-s2.0-85207676879,10.3390/life14101301,apellido+inicial,2026-08-26
Guevara E.,0009-0000-1595-9044,2-s2.0-85207717291,10.1109/ACCESS.2024.3479090,apellido+inicial,2026-08-26
Mujika I.,0000-0002-8143-9132,2-s2.0-85207746491,10.1007/s00421-024-05536-w,apellido+inicial,2026-08-26
Hidalgo M.,0000-0003-3191-3673,2-s2.0-85207837235,10.1109/CLEI64178.2024.10700354,apellido+inicial,2026-08-26
Yanine F.F.,0000-0003-1086-0840,2-s2.0-85208047043,10.1007/s12667-024-00703-6,apellido+inicial,2026-08-26
Henríquez-Olguín C.,0000-0002-9315-9365,2-s2.0-85208163795,10.1126/sciadv.adq4461,apellido+inicial,2026-08-26
Díaz F.,0000-0003-4763-074X,2-s2.0-85208177034,10.1002/ppul.27386,apellido+inicial,2026-08-26
Hidalgo M.,0000-0003-3191-3673,2-s2.0-85208235194,10.1007/978-3-031-75147-9_16,apellido+inicial,2026-08-26
Puyol F.,0000-0002-2161-5894,2-s2.0-85208406087,10.4067/S0717-554X2024000200119,apellido+inicial,2026-08-26
Cortina A.H.,0000-0003-3091-5386,2-s2.0-85208550405,10.1016/j.rmclc.2024.09.004,apellido+inicial,2026-08-26
Fernández-Verdejo R.,0000-0002-5948-2281,2-s2.0-85208565505,10.1016/j.rmclc.2024.09.002,apellido+inicial,2026-08-26
Torres K.,0000-0001-7638-6438,2-s2.0-85208575143,10.3390/ijms252111492,apellido+inicial,2026-08-26
Simón L.,0000-0002-0130-3519,2-s2.0-85208575143,10.3390/ijms252111492,apellido+inicial,2026-08-26
Williams C.,0000-0003-3440-5711,2-s2.0-85208582406,10.1016/j.rmclc.2024.02.004,apellido+inicial,2026-08-26
Moya P.,0000-0001-8339-5420,2-s2.0-85208595172,10.1016/j.rmclc.2024.08.006,apellido+inicial,2026-08-26
Gálvez M.,0000-0002-8638-5268,2-s2.0-85209077922,10.1002/ana.27089,apellido+inicial,2026-08-26
Farsani D.,0000-0002-9412-3161,2-s2.0-85209134877,10.1007/s10212-024-00903-9,apellido+inicial,2026-08-26
López-Arana S.,0000-0002-4312-1318,2-s2.0-85209173991,10.4067/S0717-75182024000400273,apellido+inicial,2026-08-26
Fernández-Verdejo R.,0000-0002-5948-2281,2-s2.0-85209206144,10.4067/S0717-75182024000400261,apellido+inicial,2026-08-26
Henriquez-Olguín C.,0000-0002-9315-9365,2-s2.0-85209230270,10.1038/s41467-024-54183-4,apellido+inicial,2026-08-26
Fernández-Verdejo R.,0000-0002-5948-2281,2-s2.0-85209377957,10.1038/s41598-024-79092-w,apellido+inicial,2026-08-26
Zbinden-Foncea H.,0000-0002-9643-1037,2-s2.0-85209377957,10.1038/s41598-024-79092-w,apellido+inicial,2026-08-26
Tuñón-Suárez M.,0000-0002-3085-9057,2-s2.0-85209377957,10.1038/s41598-024-79092-w,apellido+inicial,2026-08-26
Vargas-Foitzick R.,0000-0003-4466-1276,2-s2.0-85209377957,10.1038/s41598-024-79092-w,apellido+inicial,2026-08-26
López-Arana S.,0000-0002-4312-1318,2-s2.0-85209768147,10.1111/apa.17513,apellido+inicial,2026-08-26
Landskron G.,0000-0002-7953-6769,2-s2.0-85210151018,10.1038/s41598-024-80228-1,apellido+inicial,2026-08-26
Dominguez A.,0000-0002-4277-3445,2-s2.0-85210151018,10.1038/s41598-024-80228-1,apellido+inicial,2026-08-26
Hidalgo M.,0000-0003-3191-3673,2-s2.0-85210247504,10.1007/978-3-031-76607-7_10,apellido+inicial,2026-08-26
Quezada M.,0000-0003-1637-1909,2-s2.0-85210267275,10.3390/antiox13111388,apellido+inicial,2026-08-26
Farsani D.,0000-0002-9412-3161,2-s2.0-85211105603,10.1007/s12144-024-06884-8,apellido+inicial,2026-08-26
Orellana-Donoso M.,0000-0002-1781-062X,2-s2.0-85211148658,10.1038/s41598-024-81543-3,apellido+inicial,2026-08-26
Rego T.,0000-0003-2271-4568,2-s2.0-85211207629,10.7764/onomazein.65.04,apellido+inicial,2026-08-26
Gubbins V.,0000-0003-2175-2941,2-s2.0-85211612326,10.3389/feduc.2024.1455387,apellido+inicial,2026-08-26
Fernández-Verdejo R.,0000-0002-5948-2281,2-s2.0-85211638159,10.1038/s42255-024-01147-z,apellido+inicial,2026-08-26
Orellana-Donoso M.,0000-0002-1781-062X,2-s2.0-85211778873,10.3390/diagnostics14232765,apellido+inicial,2026-08-26
Cancino-López J.,0000-0003-3620-9861,2-s2.0-85211925904,10.1007/s11695-024-07630-6,apellido+inicial,2026-08-26
Muzard A.,0000-0002-3803-1983,2-s2.0-85213032194,10.1002/imhj.22154,apellido+inicial,2026-08-26
Mariotti-Celis M.S.,0000-0003-1357-812X,2-s2.0-85213252656,10.3390/antiox13121523,apellido+inicial,2026-08-26
Rojas D.,0000-0002-1675-2958,2-s2.0-85213508967,10.1109/SCCC63879.2024.10767628,apellido+inicial,2026-08-26
Ferre A.,0000-0003-1770-244X,2-s2.0-85214307945,10.1136/bcr-2024-263287,apellido+inicial,2026-08-26
Orellana-Donoso M.,0000-0002-1781-062X,2-s2.0-85214481964,10.3390/diagnostics15010116,apellido+inicial,2026-08-26
Vasquez F.,0000-0003-1769-3969,2-s2.0-85214489007,10.3390/nu17010182,apellido+inicial,2026-08-26
Ayares G.,0000-0002-8651-2255,2-s2.0-85214533457,10.1097/HC9.0000000000000622,apellido+inicial,2026-08-26
Hartmann D.,0000-0002-7140-4294,2-s2.0-85214559954,10.1016/j.abd.2024.05.010,apellido+inicial,2026-08-26
Yanine F.F.,0000-0003-1086-0840,2-s2.0-85214639634,10.1002/9781394230686.ch14,apellido+inicial,2026-08-26
Morales-Guevara R.,0000-0002-1147-619X,2-s2.0-85214904344,10.1002/qua.70005,apellido+inicial,2026-08-26
Gaete M.,0000-0003-1846-2417,2-s2.0-85214934806,10.1152/ajpcell.00656.2024,apellido+inicial,2026-08-26
Martínez-Cárdenas B.,0000-0001-6460-8953,2-s2.0-85214993472,10.5354/0719-2584.2024.70418,apellido+inicial,2026-08-26
Aedo S.,0000-0001-5567-3374,2-s2.0-85215067709,10.1016/j.maturitas.2025.108193,apellido+inicial,2026-08-26
Dreyse J.,0000-0002-8201-5956,2-s2.0-85215072903,10.1136/bcr-2024-263124,apellido+inicial,2026-08-26
Ferre A.,0000-0003-1770-244X,2-s2.0-85215072903,10.1136/bcr-2024-263124,apellido+inicial,2026-08-26
Cancino-López J.,0000-0003-3620-9861,2-s2.0-85215351011,10.3390/nu17010107,apellido+inicial,2026-08-26
Hartmann D.,0000-0002-7140-4294,2-s2.0-85215558913,10.1016/j.abd.2024.05.009,apellido+inicial,2026-08-26
Hidalgo M.,0000-0003-3191-3673,2-s2.0-85215782826,10.3390/pr13010020,apellido+inicial,2026-08-26
Yanine F.,0000-0003-1086-0840,2-s2.0-85215782826,10.3390/pr13010020,apellido+inicial,2026-08-26
Paredes R.,0000-0002-9943-2510,2-s2.0-85215782826,10.3390/pr13010020,apellido+inicial,2026-08-26
Flores P.C.,0000-0002-9761-2112,2-s2.0-85215785622,10.1386/cjcs_00110_1,apellido+inicial,2026-08-26
Bustos-Arriagada E.,0000-0003-4698-1425,2-s2.0-85215792761,10.3390/nu17020327,apellido+inicial,2026-08-26
Vásquez F.,0000-0003-1769-3969,2-s2.0-85215792761,10.3390/nu17020327,apellido+inicial,2026-08-26
Etchegaray-Armijo K.,0000-0002-8536-3729,2-s2.0-85215792761,10.3390/nu17020327,apellido+inicial,2026-08-26
López-Arana S.,0000-0002-4312-1318,2-s2.0-85215792761,10.3390/nu17020327,apellido+inicial,2026-08-26
Henriquez-Olguin C.,0000-0002-9315-9365,2-s2.0-85215813917,10.1096/fj.202402064R,apellido+inicial,2026-08-26
Castro-Sepúlveda M.,0000-0002-2270-299X,2-s2.0-85215954210,10.3390/antiox14010084,apellido+inicial,2026-08-26
Elton Í.A.G.,0009-0008-4866-4988,2-s2.0-85216011073,10.25185/16.6,apellido+inicial,2026-08-26
Galaz M.T.V.,0009-0005-9063-7439,2-s2.0-85216316930,10.5867/medwave.2025.01.2958,apellido+inicial,2026-08-26
Villarroel N.C.,0009-0006-5333-8840,2-s2.0-85216316930,10.5867/medwave.2025.01.2958,apellido+inicial,2026-08-26
Martin P.A.Q.S.,0009-0006-3555-1787,2-s2.0-85216316930,10.5867/medwave.2025.01.2958,apellido+inicial,2026-08-26
Landreau C.C.,0009-0000-7474-5273,2-s2.0-85216316930,10.5867/medwave.2025.01.2958,apellido+inicial,2026-08-26
Candell M.B.,0009-0003-4572-490X,2-s2.0-85216316930,10.5867/medwave.2025.01.2958,apellido+inicial,2026-08-26
Mena C.,0000-0003-1906-1156,2-s2.0-85216599084,10.1016/j.schres.2025.01.017,apellido+inicial,2026-08-26
González-Valderrama A.,0000-0003-4716-4021,2-s2.0-85216599084,10.1016/j.schres.2025.01.017,apellido+inicial,2026-08-26
Martínez-Mardones M.B.,0000-0003-3296-3330,2-s2.0-85216717612,10.1097/DCR.0000000000003412,apellido+inicial,2026-08-26
Puyol F.,0000-0002-2161-5894,2-s2.0-85216733698,10.1080/09620214.2025.2461718,apellido+inicial,2026-08-26
Fermín-González M.,0000-0003-1050-7799,2-s2.0-85216784465,10.17227/rce.num95-18798,apellido+inicial,2026-08-26
Caffarena-Barcenilla C.,0000-0001-9550-3695,2-s2.0-85216784465,10.17227/rce.num95-18798,apellido+inicial,2026-08-26
Villegas P.A.P.,0009-0009-7379-3519,2-s2.0-85216993871,10.14198/cuid.27940,apellido+inicial,2026-08-26
Cortina A.H.,0000-0003-3091-5386,2-s2.0-85216993871,10.14198/cuid.27940,apellido+inicial,2026-08-26
Puyol F.,0000-0002-2161-5894,2-s2.0-85217219280,10.7764/PEL.61.3.2024.4,apellido+inicial,2026-08-26
Ferre A.,0000-0003-1770-244X,2-s2.0-85217262308,10.1007/s00134-025-07787-3,apellido+inicial,2026-08-26
Massa A.A.,0000-0003-3188-0189,2-s2.0-85217317761,10.4337/9781803925295.00010,apellido+inicial,2026-08-26
Dreyse J.,0000-0002-8201-5956,2-s2.0-85217580314,10.1093/icvts/ivaf004,apellido+inicial,2026-08-26
Giglio A.,0000-0002-0533-4531,2-s2.0-85217580314,10.1093/icvts/ivaf004,apellido+inicial,2026-08-26
Cancino-López J.,0000-0003-3620-9861,2-s2.0-85217709541,10.1016/j.socscimed.2025.117815,apellido+inicial,2026-08-26
Castiglioni C.,0000-0002-1981-7550,2-s2.0-85217742186,10.1016/j.nmd.2025.105311,apellido+inicial,2026-08-26
Cancino-Lopez J.,0000-0003-3620-9861,2-s2.0-85217797698,10.1007/s11695-025-07685-z,apellido+inicial,2026-08-26
Hernández L.T.,0000-0003-4666-2491,2-s2.0-85217899276,10.53382/issn.2452-445X.886,apellido+inicial,2026-08-26
Val V.,0000-0003-3680-3385,2-s2.0-85217977198,10.1016/j.rmclc.2025.01.002,apellido+inicial,2026-08-26
Hidalgo M.,0000-0003-3191-3673,2-s2.0-85218051245,10.1145/3702163.3702414,apellido+inicial,2026-08-26
Dreyse J.,0000-0002-8201-5956,2-s2.0-85218165122,10.1016/j.rmclc.2025.02.002,apellido+inicial,2026-08-26
Maldonado-Agurto R.,0000-0002-8326-9800,2-s2.0-85218453368,10.1007/s10522-025-10191-5,apellido+inicial,2026-08-26
Díaz F.,0000-0003-4763-074X,2-s2.0-85219011365,10.32641/andespediatr.v96i1.5306,apellido+inicial,2026-08-26
Carvajal C.,0000-0002-1712-7396,2-s2.0-85219011365,10.32641/andespediatr.v96i1.5306,apellido+inicial,2026-08-26
Santibáñez D.,0000-0001-7840-9138,2-s2.0-85219507393,10.29333/ejmste/15953,apellido+inicial,2026-08-26
Salas N.,0000-0001-8815-5979,2-s2.0-85219507393,10.29333/ejmste/15953,apellido+inicial,2026-08-26
Benites M.H.,0000-0001-6366-534X,2-s2.0-85219634773,10.1186/s13054-025-05313-x,apellido+inicial,2026-08-26
Ferre A.,0000-0003-1770-244X,2-s2.0-86000137197,10.1016/j.resplu.2025.100915,apellido+inicial,2026-08-26
Giglio A.,0000-0002-0533-4531,2-s2.0-86000137197,10.1016/j.resplu.2025.100915,apellido+inicial,2026-08-26
Murray N.P.,0000-0001-8154-8550,2-s2.0-86000546568,10.3390/ijms26052366,apellido+inicial,2026-08-26
Aedo S.,0000-0001-5567-3374,2-s2.0-86000546568,10.3390/ijms26052366,apellido+inicial,2026-08-26
