openalex_id,doi,crossref_encontrado,crossref_tipo,crossref_anio,crossref_certeza_autor,crossref_autor,crossref_afiliacion
https://openalex.org/W4390399363,10.1016/j.hybadv.2023.100136,True,journal-article,2024,unico,Franco Fernando Yanine,
https://openalex.org/W4366351345,10.7554/elife.83338,True,journal-article,2023,unico,Carlos Henriquez-Olguin,"August Krogh Section for Molecular Physiology, Department of Nutrition, Exercise and Sports, Faculty of Science, University of Copenhagen | Exercise Science Laboratory, Faculty of Medicine, Universidad Finis Terrae"
https://openalex.org/W4411929840,10.1016/s2215-0366(25)00098-7,True,journal-article,2026,ambiguo,Cristián Mena | Cristián Mena · Julia Lappin | Julia Lappin,
https://openalex.org/W4408133460,10.1016/j.ijhydene.2025.02.164,True,journal-article,2025,unico,Fernando Yanine,
https://openalex.org/W4415653878,10.1016/j.freeradbiomed.2025.10.283,True,journal-article,2026,unico,Carlos Henriquez-Olguin,
https://openalex.org/W4408464707,10.1186/s43067-025-00198-w,True,journal-article,2025,unico,Franco Fernando Yanine,
https://openalex.org/W4401906910,10.1007/s41403-024-00498-z,True,journal-article,2024,unico,Franco Fernando Yanine,
https://openalex.org/W4385625342,10.38123/rre.v3i2.300,True,journal-article,2023,sin_match,,
https://openalex.org/W4407764880,10.1113/jp287387,True,journal-article,2026,sin_match,,
https://openalex.org/W4415322256,10.1016/j.annonc.2025.10.010,True,journal-article,2026,unico,C. Rojas,
https://openalex.org/W4416197425,10.1016/j.uncres.2025.100279,True,journal-article,2026,unico,Franco Fernando Yanine,
https://openalex.org/W7117293263,10.1002/ksa.70242,True,journal-article,2026,unico,Tomas Pineda,"Hospital del Trabajador, Facultad de Medicina Universidad Andrés Bello Santiago Chile | Hospital el Carmen, Facultad de Medicina Universidad Finis Terrae Santiago Chile"
https://openalex.org/W4411505355,10.1007/s12565-025-00855-0,True,journal-article,2026,unico,Mathias Orellana-Donoso,
https://openalex.org/W4416426553,10.1123/ijsnem.2025-0157,True,journal-article,2026,unico,Iñigo Mujika,"Department of Physiology, Faculty of Medicine and Nursing, University of the Basque Country UPV/EHU, Leioa, Basque Country | Exercise Science Laboratory, School of Kinesiology, Faculty of Medicine, Universidad Finis Terrae, Santiago, Chile"
https://openalex.org/W4409656283,10.20511/pyr2024.v12.2000,True,journal-article,2024,unico,Paula Flores · Verónica Gubbins,
https://openalex.org/W4412984592,10.1097/gme.0000000000002620,True,journal-article,2026,unico,Sócrates Aedo,"Department of Medicine, School of Medicine, Faculty of Medicine, Universidad Finis Terrae, Santiago de Chile, Chile"
https://openalex.org/W4417153247,10.1002/ksa.70223,True,journal-article,2026,unico,Tomas Pineda,"Facultad de Medicina, Hospital del Trabajador Universidad Andrés Bello Santiago Chile | Facultad de Medicina, Hospital el Carmen Universidad Finis Terrae Santiago Chile"
https://openalex.org/W4388941119,10.3389/fenef.2023.1258384,True,journal-article,2023,unico,Fernando Yanine,
https://openalex.org/W4367336808,10.1590/s1678-4634202349263089esp,True,journal-article,2023,unico,Carola Zañartu Canihuante,"Universidad Finis Terrae, Facultad de Educación, Psicología y Familia,  Chile"
https://openalex.org/W4388452031,10.31619/caledu.n59.1378,True,journal-article,2023,unico,María Francisca Puyol,
https://openalex.org/W4404050318,10.1177/08850666241293034,True,journal-article,2026,unico,Andres Ferre · Andrés Giglio,"Clinica Las Condes Hospital | Critical Care Department, Finis Terrae University, Santiago, Chile"
https://openalex.org/W4401507305,10.38123/rre.v4i2.429,True,journal-article,2024,sin_match,,
https://openalex.org/W4410053593,10.5354/0718-2236.2025.78773,True,journal-article,2025,sin_match,,
https://openalex.org/W4412640878,10.1080/10408398.2025.2534173,True,journal-article,2026,unico,María Salomé Mariotti-Celis,"Escuela de Nutrición & Dietética, Facultad de Medicina, Universidad Finis Terrae"
https://openalex.org/W7117496424,10.1123/ijsnem.2025-0101,True,journal-article,2026,unico,Iñigo Mujika,"Department of Physiology, Faculty of Medicine and Nursing, University of the Basque Country UPV/EHU, Leioa, Basque Country | Exercise Science Laboratory, School of Kinesiology, Faculty of Medicine, Universidad Finis Terrae, Santiago, Chile"
https://openalex.org/W4385197716,10.38123/amox8.287,True,journal-article,2023,sin_match,,
https://openalex.org/W4401808384,10.30545/academo.2024.set-dic.9,True,journal-article,2024,sin_match,,
https://openalex.org/W4412593741,10.30827/profesorado.v29i2.32229,True,journal-article,2025,unico,José Tomás Montalva · Rosario Undurraga,
https://openalex.org/W4412738384,10.21703/rexe.v24i55.3066,True,journal-article,2025,sin_match,,
https://openalex.org/W4413012084,10.1007/s12565-025-00873-y,True,journal-article,2026,unico,Mathias Orellana-Donoso,
https://openalex.org/W4415704543,10.1016/j.arth.2025.10.075,True,journal-article,2025,unico,Gabriel Baron,
https://openalex.org/W4416148271,10.1038/s41574-025-01209-6,True,journal-article,2026,unico,Alejandra Tapia-Castillo,
https://openalex.org/W4360850685,10.22206/cys.2023.v48i1.pp9-32,True,journal-article,2023,unico,Valeria Radrigán,
https://openalex.org/W4387029121,10.35366/112734,True,journal-article,2023,unico,Mathias Orellana-Donoso,
https://openalex.org/W4393374279,10.21703/rexe.v23i51.2189,True,journal-article,2024,unico,Jennifer Caroca-Guzmán,"Universidad Finis Terrae, Chile"
https://openalex.org/W4409691948,10.1186/s43067-025-00202-3,True,journal-article,2025,unico,Franco Fernando Yanine,
https://openalex.org/W4377139965,10.37417/rpd/vol_7_2023_1259,True,journal-article,2023,sin_match,,
https://openalex.org/W4382893631,10.36105/mye.2023v34n3.01,True,journal-article,2023,unico,Manuel J. Santos · Paulo López-Soto,
https://openalex.org/W4385076904,10.1016/j.medine.2023.07.001,True,journal-article,2024,unico,Franco Díaz,
https://openalex.org/W4395667602,10.4151/07189729-vol.63-iss.1-art.1522,True,journal-article,2024,sin_match,,
https://openalex.org/W4403300557,10.5102/rdi.v21i1.9422,True,journal-article,2024,sin_match,,
https://openalex.org/W4386973707,10.31857/s0044748x0027277-3,True,journal-article,2023,unico,Manuel Loyola,"Finis Terrae University (Santiago, Chile)"
https://openalex.org/W4389250203,10.6018/edumed.582211,True,journal-article,2023,sin_match,,
https://openalex.org/W4391135038,10.4067/s0718-85602023000300161,True,journal-article,2023,sin_match,,
https://openalex.org/W4392664987,10.38123/rre.v4i1.361,True,journal-article,2024,sin_match,,
https://openalex.org/W4396577719,10.5354/0719-3769.2024.73925,True,journal-article,2024,unico,Vanessa Cárdenas,
https://openalex.org/W4396902598,10.1016/j.rec.2024.05.001,True,journal-article,2024,unico,Paulo Valderrama,
https://openalex.org/W4400609018,10.1016/j.oooo.2024.04.095,True,journal-article,2024,sin_match,,
https://openalex.org/W4406099054,10.4151/07197969-vol.13-iss.1-art.764,True,journal-article,2023,sin_match,,
https://openalex.org/W4406201050,10.1002/alz.089192,True,journal-article,2024,unico,Joaquin Herrero,"Interdisciplinary Center for Neuroscience (NeuroUC) ‐ Laboratory for Cognitive and Evolutionary Neuroscience ‐ Medicine School ‐ Pontificia Universidad Católica de Chile, Santiago Chile | School of Kinesiology, Faculty of Medicine, Universidad Finis Terrae, Santiago Chile"
https://openalex.org/W4414059568,10.1177/08850666251359548,True,journal-article,2026,unico,Martín H. Benites,"Facultad de Medicina, Escuela de Medicina, Universidad Finis Terrae, Santiago, Chile | Pontificia Universidad Católica de Chile | Unidad de Pacientes Críticos, Clínica Las Condes, Santiago, Chile"
https://openalex.org/W4414682887,10.20453/reh.v35i3.6505,True,journal-article,2025,sin_match,,
https://openalex.org/W4415242465,10.14201/azafea202527287310,True,journal-article,2025,unico,Adriana Romero,
https://openalex.org/W4416589664,10.1016/j.wneu.2025.124652,True,journal-article,2026,sin_match,,
https://openalex.org/W4417019251,10.1177/19417381251393643,True,journal-article,2026,unico,Guillermo Mendez-Rebolledo · Melissa Muñoz-Garcés,"Laboratorio de Investigación Somatosensorial y Motora, Escuela de Kinesiología, Facultad de Salud, Universidad Santo Tomás, Chile | Master in Health and Sports Sciences, Faculty of Medicine, Finis Terrae University, Santiago, Chile"
https://openalex.org/W4417325590,10.1007/s00345-025-06127-w,True,journal-article,2025,unico,Helga Ibañez · José A. Salvadó · Vicente Elorrieta,
https://openalex.org/W4417441759,10.1016/j.tem.2025.11.001,True,journal-article,2026,unico,Mauricio Castro-Sepulveda,
https://openalex.org/W4417467275,10.1016/j.neuroscience.2025.12.034,True,journal-article,2026,unico,Juan Pablo Morales,
https://openalex.org/W7116691273,10.3390/inorganics14010003,True,journal-article,2025,unico,Rosaly Morales-Guevara,"Departamento de Química de los Materiales, Facultad de Química y Biología, Universidad de Santiago de Chile, Av. Libertador Bernardo O’Higgins 3363, Santiago 9170022, Chile | Facultad de Ingeniería, Universidad Finis Terrae, Av. Pedro de Valdivia 1509, Santiago 7501015, Chile"
https://openalex.org/W4400320597,10.36615/pk9fjt18,True,journal-article,2024,sin_match,,
https://openalex.org/W4404754620,10.1119/5.0166724,True,journal-article,2024,unico,Miguel Lagos · Rodrigo Paredes,"Facultad de Ingeniería, Universidad Finis Terrae 1 , Providencia, Santiago,"
https://openalex.org/W4399653638,10.4067/s0718-07642024000300051,True,journal-article,2024,unico,Carolina Zambrano,
https://openalex.org/W4386946667,10.14482/sun.39.02.813.625,True,journal-article,2023,sin_match,,
https://openalex.org/W4386984725,10.1007/978-3-031-26425-2_2,True,book-chapter,2024,unico,Megumi Andrade Kobayashi,
https://openalex.org/W4388105096,10.4067/s0717-73482023000300233,True,journal-article,2023,sin_match,,
https://openalex.org/W4389431330,10.18601/16926722.n24.13,True,journal-article,2023,unico,Felipe Yáñez,
https://openalex.org/W4389921224,10.59334/rov.v2i39.552,True,journal-article,2023,unico,Javiera Cancino,
https://openalex.org/W4392664983,10.38123/rre.v4i1.335,True,journal-article,2024,sin_match,,
https://openalex.org/W4396627578,10.1055/s-0044-1786501,True,journal-article,2024,unico,Juan Pablo Casas-Cordero,"Departamento de Traumatología y Ortopedia y Cirugía de Rodilla, Hospital La Florida, Santiago, Región Metropolitana, Chile | Programa de Especialización en Traumatología y Ortopedia, Facultad de Medicina, Universidad Finis Terrae, Santiago, Chile"
https://openalex.org/W4399852405,10.1007/978-3-031-47404-0_1,True,book-chapter,2024,unico,Ignacio Nieto,
https://openalex.org/W4404991470,10.4151/07189729-vol.63-iss.3-art.1527,True,journal-article,2024,sin_match,,
https://openalex.org/W4405623093,10.58265/pulso.7221,True,journal-article,2024,unico,Carmen Gloria Sánchez-Duque,
https://openalex.org/W4406442344,10.38123/psip.2,True,journal-article,2025,sin_match,,
https://openalex.org/W4409668934,10.5027/jmh-vol21-issue1(2024)art213,True,journal-article,2024,unico,Felipe Montalva-Valenzuela,
https://openalex.org/W4411441488,10.3934/medsci.2025017,True,journal-article,2025,unico,Antonio Castillo-Paredes · Paloma Ferrero-Hernández,
https://openalex.org/W4412447797,10.54344/contemporanea.v18i1.2461,True,journal-article,2025,unico,Marcelo Casals,
https://openalex.org/W2594231377,10.11600/1692715x.1512229042016,True,journal-article,2025,unico,Alexis Curiche,
https://openalex.org/W4380575647,10.38123/rer.v2i6.313,True,journal-article,2023,sin_match,,
https://openalex.org/W4316499878,10.5565/rev/brumal.776,True,journal-article,2023,sin_match,,
https://openalex.org/W4327951956,10.5020/2317-2150.2023.13311,True,journal-article,2023,unico,Ivette Esis Villarroel,
https://openalex.org/W4377832506,10.7764/plan.045.100,True,journal-article,2023,sin_match,,
https://openalex.org/W4380575699,10.38123/rre.v3i1.257,True,journal-article,2023,sin_match,,
https://openalex.org/W4381513011,10.15406/mojcr.2023.13.00436,True,journal-article,2023,unico,José Torrealba Araujo,
https://openalex.org/W4382807357,10.21801/ppcrj.2022.84.1,True,journal-article,2023,unico,Alexis Torrez · Guillermo Droppelmann,
https://openalex.org/W4382811266,10.20453/reh.v33i2.4519,True,journal-article,2023,sin_match,,
https://openalex.org/W4385444438,10.18682/cdc.vi181.9244,True,journal-article,2023,sin_match,,
https://openalex.org/W4385628813,10.21703/0718-5162.v22.n48.2023.007,True,journal-article,2023,unico,Katherine Mansilla-Obando,"Universidad Finis Terrae, Chile"
https://openalex.org/W4386450396,10.4067/s2452-55882023000200169,True,journal-article,2023,unico,Jaime Pilar,
https://openalex.org/W4387011373,10.4067/s0718-381x2023000300372,True,journal-article,2023,unico,Cristóbal Muñoz-León · Jorge Ortiz-Mora · Ma Fernanda Cortés-Sylvester · Sandra Moncada-Ortega,
https://openalex.org/W4388303933,10.5354/2735-6620.2023.70760,True,journal-article,2023,sin_match,,
https://openalex.org/W4390582228,10.31080/asor.2024.07.0883,True,journal-article,2024,unico,Dante Parodi · Diego Villegas,
https://openalex.org/W4391751323,10.31080/asor.2024.07.0903,True,journal-article,2024,unico,Diego Edwards · Francisco Cornejo · Gerardo Zelaya,
https://openalex.org/W4394586309,10.37514/rle-j.2024.1.1.03,True,journal-article,2024,sin_match,,
https://openalex.org/W4401327711,10.22201/fesz.23958723e.2024.663,True,journal-article,2024,unico,Arturo Chávez-Reyes,
https://openalex.org/W4392164686,10.1002/9781394167319.ch2,True,other,2024,unico,Franco Fernando Yanine,
https://openalex.org/W4394875775,10.1002/9781394205097.ch3,True,other,2024,unico,Franco Fernando Yanine,
https://openalex.org/W4387500231,10.1101/2023.10.08.561442,True,posted-content,2023,unico,Carlos Henriquez-Olguín,
https://openalex.org/W4391296208,10.21203/rs.3.rs-3899327/v1,True,posted-content,2024,unico,Franco Fernando Yanine,Universidad Finis Terrae
https://openalex.org/W4365139223,10.1101/2023.04.10.535538,True,posted-content,2023,unico,Carlos Henríquez-Olguín,
https://openalex.org/W4406184973,10.20944/preprints202501.0558.v1,True,posted-content,2025,unico,Gabriela Contreras-Contreras · María Salomé Mariotti-Celis · Pamela Rivera-Tovar,
https://openalex.org/W4410768220,10.20944/preprints202505.1918.v1,True,posted-content,2025,unico,María Salomé Mariotti-Celis,
https://openalex.org/W4391789966,10.2139/ssrn.4724336,True,posted-content,2024,sin_match,,
https://openalex.org/W4407037093,10.20944/preprints202501.2219.v1,True,posted-content,2025,unico,Felipe Meyer-Cohen,
https://openalex.org/W4414787140,10.21203/rs.3.rs-7427244/v1,True,posted-content,2025,unico,Gonzalo Rivera-Andrades · Layla Simón · María Salomé Mariotti-Celis · Oscar Castillo-Valenzuela,Universidad Finis Terrae
https://openalex.org/W4362595218,10.1158/1538-7445.am2023-1251,True,journal-article,2023,unico,Glauben T. Landskron-Ramos,"1Universidad Finis Terrae, Santiago, Chile;"
https://openalex.org/W4377967964,10.1101/2023.05.22.541782,True,posted-content,2023,unico,F. Díaz-Castro | M. Castro-Sepúlveda · H. Zbinden-Foncea · J. Cancino · M. Castro-Sepúlveda · M. Tuñón-Suárez,
https://openalex.org/W4380786653,10.21203/rs.3.rs-3031175/v1,True,posted-content,2023,unico,Nicolás Olavarría,"Finis Terrae, Facultad Medicina"
https://openalex.org/W4388960655,10.1101/2023.11.22.23298935,True,posted-content,2023,unico,Gabriel Cavada,
https://openalex.org/W4391302803,10.21203/rs.3.rs-3812766/v1,True,posted-content,2024,unico,Alejandro Bruna-Mejias · Daniela Martínez-Hernández · Héctor Gutiérrez Espinoza · Marisol Barahona-Vásquez · Mathias Orellana-Donoso · Michelle López-Chaparro · Pablo Nova-Baeza · Roberto Ávila-Sepulveda · Vanessa S Probst,State University of Londrina (UEL) | Universidad Andrés Bello | Universidad Finis Terrae | Universidad de las Americas
https://openalex.org/W4394875134,10.1002/9781394205097.ch7,True,other,2024,unico,Fernando Yanine,
https://openalex.org/W4396589356,10.2139/ssrn.4814606,True,posted-content,2024,unico,Boris Pastén-Henríquez,
https://openalex.org/W4398863783,10.2139/ssrn.4841753,True,posted-content,2024,unico,Mauricio Sauma,
https://openalex.org/W4399324106,10.1200/jco.2024.42.16_suppl.e13163,True,journal-article,2024,unico,Alvaro Rivera · Nicolas Garnham,"Universidad Finis Terrae, Santiago, Chile"
https://openalex.org/W4399358885,10.20944/preprints202406.0175.v1,True,posted-content,2024,unico,Donovan Díaz-Droguett · María José Retamal,
https://openalex.org/W4401706165,10.2139/ssrn.4927800,True,posted-content,2024,unico,Miguel Lagos,
https://openalex.org/W4404041680,10.1097/01.pcc.0001084572.70211.32,True,journal-article,2024,unico,F. Diaz,"Hospital El Carmen de Maipú, Santiago, Chile | Red Colaborativa Pediatrica de Latinoamérica (LARed Network), Santiago, Chile | Universidad Finis Terrae, Unidad de Investigacion Y Epidemiologia Clínica, Escuela de Medicina, Santiago, Chile"
https://openalex.org/W4407161942,10.1038/s41598-025-86692-7,True,journal-article,2025,unico,Mathias Orellana-Donoso,
https://openalex.org/W4416391806,10.1016/j.annonc.2025.09.113,True,journal-article,2025,unico,C.I. Rojas,
https://openalex.org/W4322576294,10.1016/b978-0-12-823589-8.09992-1,True,book-chapter,2023,unico,Migdalia Caridad Rusindo Arazo,
https://openalex.org/W4322754717,10.1055/s-013-56854,True,journal-issue,2023,sin_match,,
https://openalex.org/W4323032813,10.22370/syt.2023.7.3639,True,journal-article,2023,sin_match,,
https://openalex.org/W4327497333,10.2139/ssrn.4385825,True,posted-content,2023,unico,Nicolas Hardy,
https://openalex.org/W4328054239,10.1016/j.aohep.2023.101051,True,journal-article,2023,unico,Rodrigo Fernández-Verdejo,
https://openalex.org/W4362543492,10.1158/1538-7445.am2023-2707,True,journal-article,2023,unico,Arturo Chávez-Reyes,"4Universidad Finis Terrae, Santiago de Chile, Chile."
https://openalex.org/W4366413472,10.55223/bej.2,True,journal-article,2023,unico,Mauricio A. Valle,
https://openalex.org/W4367031332,10.4067/s0718-48162023000100077,True,journal-article,2023,sin_match,,
https://openalex.org/W4367031756,10.4067/s0718-48162023000100030,True,journal-article,2023,sin_match,,
https://openalex.org/W4377047048,10.1055/s-0043-1760860,True,journal-article,2023,unico,Mauricio Quezada,"Facultad de Medicina, Universidad Finis Terrae, Santiago, Chile"
https://openalex.org/W4379528067,10.2139/ssrn.4470314,True,posted-content,2023,unico,Carlos J. Pérez,
https://openalex.org/W4380536268,10.38123/rre.v3i1.297,True,journal-article,2023,sin_match,,
https://openalex.org/W4380682520,10.38123/rer.v2i6.341,True,journal-article,2023,sin_match,,
https://openalex.org/W4380682754,10.38123/rer.v2i6.340,True,journal-article,2023,sin_match,,
https://openalex.org/W4381623615,10.26448/ae9789566095835.76,True,edited-book,2023,unico,Luis Thielemann,
https://openalex.org/W4382238612,10.7554/elife.83338.sa2,True,peer-review,2023,unico,Carlos Henriquez-Olguin,"August Krogh Section for Molecular Physiology, Department of Nutrition, Exercise and Sports, Faculty of Science, University of Copenhagen | Exercise Science Laboratory, Faculty of Medicine, Universidad Finis Terrae"
https://openalex.org/W4382239021,10.12804/revistas.urosario.edu.co/empresa/a.12197,True,journal-article,2023,unico,Katherine Mansilla-Obando,
https://openalex.org/W4382938109,10.35692/07183992.16.1.6,True,journal-article,2023,unico,Francisca Menéndez · Michelle Sepúlveda,
https://openalex.org/W4384007538,10.4067/s0719-689x2023000100111,True,journal-article,2023,unico,Hernán Muszalski,
https://openalex.org/W4384559780,10.36253/cromohs-14250,True,journal-article,2023,sin_match,,
https://openalex.org/W4385325099,10.5354/2452-5014.2023.71398,True,journal-article,2023,sin_match,,
https://openalex.org/W4385410375,10.22352/saustral20232905,True,journal-article,2023,sin_match,,
https://openalex.org/W4385625499,10.38123/rre.v3i2.352,True,journal-article,2023,sin_match,,
https://openalex.org/W4385625504,10.38123/rre.v3i2.301,True,journal-article,2023,sin_match,,
https://openalex.org/W4385626157,10.4067/s0718-48162023000200206,True,journal-article,2023,sin_match,,
https://openalex.org/W4385626283,10.4067/s0718-48162023000200141,True,journal-article,2023,sin_match,,
https://openalex.org/W4386072453,10.15517/es.v83i1.54259,True,journal-article,2023,unico,Valeria Radrigán,
https://openalex.org/W4386632044,10.32608/2305-8773-2023-39-1-39-55,True,journal-article,2023,unico,Manuel Loyola,
https://openalex.org/W4387384244,10.35588/pp.v15i2.5773,True,journal-article,2023,sin_match,,
https://openalex.org/W4387455687,10.33196/zoer202303043701,True,journal-article,2023,unico,Pier Paolo Pigozzi,Finis Terrae University (Chile)
https://openalex.org/W4388430209,10.35366/113219,True,journal-article,2023,sin_match,,
https://openalex.org/W4388430219,10.35366/113220,True,journal-article,2023,unico,José Torrealba-Araujo,
https://openalex.org/W4388635596,10.21203/rs.3.rs-3536750/v1,True,posted-content,2023,unico,Jorge Cancino,Universidad Finis Terrae
https://openalex.org/W4389030935,10.1093/ofid/ofad500.1518,True,journal-article,2023,unico,Cristobal Carvajal,"Universidad Finis Terrae , SANTIAGO DE CHILE, Region Metropolitana , Chile"
https://openalex.org/W4389250471,10.6018/edumed.569191,True,journal-article,2023,unico,Caterina Tiscornia,
https://openalex.org/W4389441765,10.1007/978-3-031-36310-8_25,True,book-chapter,2023,unico,Iñigo Mujika,
https://openalex.org/W4389689076,10.38123/rer.v2i7.394,True,journal-article,2023,sin_match,,
https://openalex.org/W4389689155,10.38123/rer.v2i7.384,True,journal-article,2023,unico,Elena Romero,
https://openalex.org/W4389689161,10.38123/rer.v2i7.359,True,journal-article,2023,sin_match,,
https://openalex.org/W4389919975,10.59334/rov.v2i39.590,True,journal-article,2023,unico,Javiera Cancino,
https://openalex.org/W4390061782,10.32466/eufv-xg.2023.6.761.53-63,True,journal-article,2023,unico,James Andrew Cleary,
https://openalex.org/W4390112545,10.46981/sfjhv4n1-019,True,journal-article,2023,unico,Agustín José Cruz Bihan · José Tomás Correa Ortiz · Roxanna María Salas Gianini,
https://openalex.org/W4390116335,10.55720/respirar.15.4.2,True,journal-article,2023,sin_match,,
https://openalex.org/W4390234953,10.29011/2574-7754.101547,True,journal-article,2023,sin_match,,
https://openalex.org/W4390235780,10.29011/2574-7754.101546,True,journal-article,2023,sin_match,,
https://openalex.org/W4390406108,10.1101/2023.12.28.23300545,True,posted-content,2023,unico,Jorge Cancino-López,
https://openalex.org/W4390499698,10.5354/0719-2584.2023.60963,True,journal-article,2023,sin_match,,
https://openalex.org/W4390548755,10.38123/psip.1,True,journal-article,2023,sin_match,,
https://openalex.org/W4390591497,10.5027/pucv.book.978-956-17-1050-4,True,edited-book,2023,sin_match,,
https://openalex.org/W4390637747,10.29011/2577-2252.100150,True,journal-article,2024,sin_match,,
https://openalex.org/W4390664642,10.21203/rs.3.rs-3822596/v1,True,posted-content,2024,unico,Esnil Guevara,Finis Terrae University
https://openalex.org/W4390995361,10.4067/s0717-71942023000100495,True,journal-article,2023,unico,Andrea Botto Stuven,
https://openalex.org/W4391071401,10.1016/j.aehs.2024.01.001,True,journal-article,2024,unico,Germán Tapia-Curimil · Hermann Zbinden-Foncea · Jocelyn Fuentes · Mauricio Castro-Sepulveda · Mauro Tuñón-Suárez,
https://openalex.org/W4391444321,10.26502/jsr.10020336,True,journal-article,2024,unico,Marcelo Molina,
https://openalex.org/W4391550598,10.22430/21457778.2787,True,journal-article,2023,unico,Francisca Puyol,Universidad Finis Terrae
https://openalex.org/W4392157702,10.1016/j.aohep.2023.101273,True,journal-article,2024,unico,José Miguel Fuentealba,
https://openalex.org/W4392412095,10.15691/24524476vol6iss1a417,True,journal-article,2023,unico,Thomas Rego,
https://openalex.org/W4392642363,10.38123/rre.v4i1.363,True,journal-article,2024,sin_match,,
https://openalex.org/W4392650817,10.11648/j.ijcd.20240701.12,True,journal-article,2024,sin_match,,
https://openalex.org/W4392664984,10.38123/rre.v4i1.414,True,journal-article,2024,sin_match,,
https://openalex.org/W4392964417,10.4236/mri.2024.131001,True,journal-article,2024,unico,Esteban Fortuny,
https://openalex.org/W4393068470,10.15443/codes2047,True,journal-article,2023,unico,David Pérez,
https://openalex.org/W4393100713,10.15691/0718-5448vol6iss1a417,True,journal-article,2023,unico,Thomas Rego,
https://openalex.org/W4393338422,10.1016/j.jcrc.2024.154651,True,journal-article,2024,unico,Andres Ferre Contreras · Andres Giglio Jiménez,
https://openalex.org/W4393338460,10.1016/j.jcrc.2024.154654,True,journal-article,2024,unico,Andres Ferre · Andres Giglio · Andres Ramos · Antonio Arroyo · Rodrigo Kemeny,
https://openalex.org/W4393338469,10.1016/j.jcrc.2024.154659,True,journal-article,2024,unico,Andres Ferre · Andres Giglio · Andres Reccius · Cesar Pedreros · Cristobal Carvajal,
https://openalex.org/W4393352300,10.11565/arsmed.v49i1.2059,True,journal-article,2024,sin_match,,
https://openalex.org/W4393372670,10.1007/978-3-031-49382-9_5,True,book-chapter,2024,sin_match,,
https://openalex.org/W4393374865,10.20453/reh.v34i1.5325,True,journal-article,2024,unico,Daniel Pinto Agüero,
https://openalex.org/W4393850567,10.1016/j.ekir.2024.02.819,True,journal-article,2024,unico,Caterina Tiscornia · Fabián Vásquez,
https://openalex.org/W4393851006,10.1016/j.ekir.2024.02.593,True,journal-article,2024,unico,Caterina Tiscornia,
https://openalex.org/W4394774385,10.52768/2766-7820/2587,True,journal-article,2023,unico,Arroyo Antonio,
https://openalex.org/W4394798020,10.15406/ipmrj.2024.09.00369,True,journal-article,2024,unico,Dante Parodi,
https://openalex.org/W4394807008,10.4067/s2452-55882024000100011,True,journal-article,2024,sin_match,,
https://openalex.org/W4394892478,10.1002/9781394205097.ch10,True,other,2024,unico,Fernando Yanine,
https://openalex.org/W4394953073,10.12688/f1000research.146070.1,True,journal-article,2024,sin_match,,
https://openalex.org/W4395096826,10.2139/ssrn.4793775,True,posted-content,2024,unico,Boris Pastén-Henríquez,
https://openalex.org/W4395449894,10.1016/j.jsames.2024.104906,True,journal-article,2024,unico,K.C. Quintero,
https://openalex.org/W4396577736,10.5354/0719-3769.2024.73751,True,journal-article,2024,sin_match,,
https://openalex.org/W4396589331,10.2139/ssrn.4814615,True,posted-content,2024,unico,Boris Pastén-Henríquez,
https://openalex.org/W4396776391,10.21203/rs.3.rs-4339707/v1,True,posted-content,2024,unico,Glauben Landskron,Universidad Finis Terrae
https://openalex.org/W4397037482,10.1016/j.admp.2024.102062,True,journal-article,2024,unico,Raimundo Aviles,
https://openalex.org/W4398158956,10.26807/cav.v10i17.588,True,journal-article,2024,sin_match,,
https://openalex.org/W4398195391,10.2139/ssrn.4834043,True,posted-content,2024,unico,Hermann Zbinden,
https://openalex.org/W4398217341,10.56754/2810-6571.2024.3326,True,journal-article,2024,sin_match,,
https://openalex.org/W4398219229,10.2139/ssrn.4837120,True,posted-content,2024,unico,Gonzalo Costa · Pablo Cortés · Tomás Cumsille,
https://openalex.org/W4398232243,10.1093/ndt/gfae069.867,True,journal-article,2024,unico,Caterina Tiscornia,"Scuola di Nutrizione e Dietetica, Università Finis Terrae , Santiago del Chile, Chile"
https://openalex.org/W4399321326,10.15406/mojcr.2024.14.00461,True,journal-article,2024,unico,Gabriela Araya Órdenes · José Torrealba Araujo,
https://openalex.org/W4399325612,10.1590/scielopreprints.9019,True,posted-content,2024,unico,Cristóbal Carvajal,
https://openalex.org/W4399784440,10.1016/j.placenta.2024.05.061,True,journal-article,2024,unico,K. Etchegaray,
https://openalex.org/W4399852334,10.1007/978-3-031-47404-0_3,True,book-chapter,2024,unico,Ignacio Nieto,
https://openalex.org/W4399852356,10.1007/978-3-031-47404-0_4,True,book-chapter,2024,unico,Ignacio Nieto,
https://openalex.org/W4399852360,10.1007/978-3-031-47404-0_6,True,book-chapter,2024,unico,Ignacio Nieto,
https://openalex.org/W4399852390,10.1007/978-3-031-47404-0_5,True,book-chapter,2024,unico,Ignacio Nieto,
https://openalex.org/W4399852402,10.1007/978-3-031-47404-0_2,True,book-chapter,2024,unico,Ignacio Nieto,
https://openalex.org/W4400148771,10.1016/j.cdnut.2024.103325,True,journal-article,2024,unico,Fabian Vasquez,
https://openalex.org/W4400977493,10.22533/at.ed.1594672409075,True,journal-article,2024,unico,Nicolás Ponce Ibáñez · Patricia Moya Rivera · Sebastián Zamorano Vidal,
https://openalex.org/W4400979198,10.25074/0196318.36.2580,True,journal-article,2023,sin_match,,
https://openalex.org/W4400979652,10.25074/0196318.36.2566,True,journal-article,2023,sin_match,,
https://openalex.org/W4401116499,10.4151/07189729-vol.63-iss.2-art.1428,True,journal-article,2024,sin_match,,
https://openalex.org/W4401506827,10.38123/rre.v4i2.450,True,journal-article,2024,sin_match,,
https://openalex.org/W4401506844,10.38123/amox11.410,True,journal-article,2024,sin_match,,
https://openalex.org/W4401507410,10.38123/rre.v4i2.406,True,journal-article,2024,unico,Diana Vásquez,
https://openalex.org/W4401569926,10.22370/syt.2024.10.4326,True,journal-article,2024,sin_match,,
https://openalex.org/W4401904294,10.4067/s2452-55882024000200088,True,journal-article,2024,unico,Francisca Figueroa,
https://openalex.org/W4402157471,10.2139/ssrn.4931542,True,posted-content,2024,unico,Gonzalo Costa · Pablo Cortés · Tomás Cumsille,
https://openalex.org/W4402206262,10.61490/eial.v35i1.1832,True,journal-article,2024,unico,Marcelo Casals,
https://openalex.org/W4402228074,10.4067/s0719-689x2024000100095,True,journal-article,2024,unico,Thomas Rego,
https://openalex.org/W4402229794,10.4067/s0719-689x2024000100041,True,journal-article,2024,sin_match,,
https://openalex.org/W4402444583,10.59798/ptma.2024.293.5346,True,journal-article,2024,sin_match,,
https://openalex.org/W4402836913,10.1080/17415993.2024.2406314,True,journal-article,2025,unico,Karla Quintero,"Faculty of Law, Finisterrae University, Santiago, Chile"
https://openalex.org/W4402952628,10.4236/jbm.2024.129020,True,journal-article,2024,unico,Esteban Fortuny,
https://openalex.org/W4403114310,10.2139/ssrn.4974689,True,posted-content,2024,unico,Alejandro Leiva,
https://openalex.org/W4403122868,10.4067/s0717-71942024000100401,True,journal-article,2024,unico,MARCELO CASALS,
https://openalex.org/W4403150124,10.1210/jendso/bvae163.1697,True,journal-article,2024,unico,R Gonzalo,"Department of Radiology, Clínica las Condes, Health Innovation Center, Clinica las Condes, School of Medicine, Finis Terrae University , Santiago ,"
https://openalex.org/W4403153474,10.1210/jendso/bvae163.1610,True,journal-article,2024,unico,R Gonzalo,"Department of Radiology, Clínica las Condes, Health Innovation Center, Clinica las Condes, School of Medicine, Finis Terrae University , Santiago ,"
https://openalex.org/W4403210313,10.4067/s0718-85602024000200147,True,journal-article,2024,unico,Jaime Carrasco,
https://openalex.org/W4403453080,10.4000/12ho6,True,journal-article,2024,unico,Marcelo Casals,
https://openalex.org/W4403602936,10.7775/rac.es.v92.i5.20829,True,journal-article,2024,sin_match,,
https://openalex.org/W4403728086,10.48297/4qq6fp24,True,journal-article,2024,sin_match,,
https://openalex.org/W4403821675,10.1101/2024.10.28.620570,True,posted-content,2024,unico,M.N. Nuñez-Lisboa,
https://openalex.org/W4403880531,10.70135/seejph.vi.1723,True,journal-article,2024,ambiguo,Natalia Zañartu-Canihuante | Carola Zañartu-Canihuante,
https://openalex.org/W4403942179,10.23925/2176-4174.v2.2024e67608,True,journal-article,2024,unico,Alberto Rojas Moscoso,
https://openalex.org/W4404024875,10.38123/rer.v3i2.511,True,journal-article,2024,sin_match,,
https://openalex.org/W4404025040,10.38123/rer.v3i2.512,True,journal-article,2024,sin_match,,
https://openalex.org/W4404040957,10.1097/01.pcc.0001084684.15618.ac,True,journal-article,2024,unico,F. Diaz,"Red Colaborativa Pediatrica de Latinoamérica (LARed Network), Santiago, Chile | Universidad Finis Terrae, Unidad De Investigacion Y Epidemiologia Clínica, Escuela de Medicina, Santiago, Chile"
https://openalex.org/W4404040995,10.1097/01.pcc.0001085856.99058.e2,True,journal-article,2024,unico,F. Diaz,"Hospital El Carmen de Maipú, Santiago, Chile | LARed Network, Montevideo, Uruguay | Universidad Finis Terrae, Unidad De Investigacion Y Epidemiologia Clínica, Escuela de Medicina, Santiago, Chile"
https://openalex.org/W4404041158,10.1097/01.pcc.0001084568.48400.43,True,journal-article,2024,unico,F. Diaz,"Hospital El Carmen de Maipú, Santiago, Chile | Red Colaborativa Pediatrica de Latinoamérica (LARed Network), Santiago, Chile | Universidad Finis Terrae, Unidad De Investigacion Y Epidemiologia Clínica, Escuela De Medicina., Santiago, Chile"
https://openalex.org/W4404041197,10.1097/01.pcc.0001085852.76593.7f,True,journal-article,2024,unico,F. Diaz,"Hospital El Carmen de Maipu, Intensive Care Unit, Santiago, Chile | LARed Network, Montevideo, Uruguay | Universidad Finis Terrae, Escuela De Medicina, Santiago, Chile"
https://openalex.org/W4404041428,10.1097/01.pcc.0001085704.74747.20,True,journal-article,2024,unico,C. Carvajal,"Facultad de Medicina, Universidad de Finis Terrae, Santiago de Chile, Chile"
https://openalex.org/W4404041467,10.1097/01.pcc.0001085996.28636.72,True,journal-article,2024,unico,F. Diaz,"Hospital El Carmen de Maipú, Santiago, Chile | Red Colaborativa Pediatrica de Latinoamérica (LARed Network), Santiago, Chile | Universidad Finis Terrae, Unidad de Investigacion Y Epidemiologia Clínica, Escuela De Medicina., Santiago, Chile"
https://openalex.org/W4404041804,10.1097/01.pcc.0001084528.36296.90,True,journal-article,2024,unico,F. Diaz,"Universidad Finis Terrae, Unidad De Investigacion Y Epidemiologia Clínica, Escuela De Medicina, Santiago, Chile"
https://openalex.org/W4404169848,10.31637/epsir-2024-1190,True,journal-article,2024,sin_match,,
https://openalex.org/W4404183715,10.52611/rdpi.num25.2024.1233,True,journal-article,2024,sin_match,,
https://openalex.org/W4404334086,10.35366/118242,True,journal-article,2024,sin_match,,
https://openalex.org/W4404576375,10.38123/psip.1/c2,True,journal-article,2023,sin_match,,
https://openalex.org/W4404576389,10.38123/psip.1/e,True,journal-article,2023,sin_match,,
https://openalex.org/W4404576415,10.38123/psip.1/c1,True,journal-article,2023,sin_match,,
https://openalex.org/W4404583454,10.38123/psip.1/ap,True,journal-article,2023,unico,PSIP,
https://openalex.org/W4404597614,10.12688/f1000research.146070.2,True,journal-article,2024,sin_match,,
https://openalex.org/W4404793138,10.1017/s1041610224001546,True,journal-article,2024,unico,Teresita Ramos Franco,
https://openalex.org/W4404919369,10.18103/mra.v12i11.5901,True,journal-article,2024,unico,Nigel Murray,
https://openalex.org/W4405638840,10.56754/0718-9958.2024.238,True,journal-article,2024,sin_match,,
https://openalex.org/W4405907297,10.20932/barataria.v0i36.704,True,journal-article,2024,unico,Fernando Yanine,
https://openalex.org/W4406049118,10.4067/s2452-55882024000300126,True,journal-article,2024,unico,Juan Caro · Patricia Moya · Sebastián Zamorano,
https://openalex.org/W4406090433,10.38123/rre.v5i1.452,True,journal-article,2025,sin_match,,
https://openalex.org/W4406219671,10.5209/pepu.99215,True,journal-article,2025,unico,Milette Mesías-Machuca · Paz Crisóstomo-Flores,
https://openalex.org/W4406443097,10.51230/ri.v18i1.99,True,journal-article,2025,sin_match,,
https://openalex.org/W4406704302,10.1093/ecco-jcc/jjae190.0303,True,journal-article,2025,unico,R Fernández-Verdejo,"Universidad Finis Terrae, Laboratorio de Fisiología del Ejercicio y Metabolismo LABFEM , Santiago,"
https://openalex.org/W4406805226,10.33996/revistahorizontes.v9i36.897,True,journal-article,2025,sin_match,,
https://openalex.org/W4406896305,10.53940/reys.v5i9.178,True,journal-article,2024,sin_match,,
https://openalex.org/W4406900592,10.1016/j.rec.2024.12.014,True,journal-article,2025,sin_match,,
https://openalex.org/W4406965071,10.18800/lexis.202402.015,True,journal-article,2024,sin_match,,
https://openalex.org/W4408015659,10.32457/scr.v5i1.2836,True,journal-article,2025,unico,Andrés Ferre · Andrés Giglio · María Bernardita Sanhueza,"Centro de pacientes críticos, Clínica Las Condes. Universidad Finis Terrae, Santiago, Chile"
https://openalex.org/W4408284563,10.24875/rechuro.24000010,True,journal-article,2025,unico,Matías Poblete · Vicente Parada,
https://openalex.org/W4408755980,10.52521/revccc.v2i5.14647,True,journal-article,2025,unico,David Santibañez,
https://openalex.org/W4408935128,10.17126/joralres.2024.018,True,journal-article,2024,unico,Alanis Galaz-Cabrera · Antonia Espinoza-Romero · Joaquín Lucero-Mora,
https://openalex.org/W4409153478,10.2139/ssrn.5205687,True,posted-content,2025,unico,María  Jose Retamal,
https://openalex.org/W4409203007,10.18103/mra.v13i3.6365,True,journal-article,2025,unico,Villalon R,
https://openalex.org/W4409632267,10.1158/1538-7445.am2025-6932,True,journal-article,2025,unico,Keila Torres · Layla Simon,"1Universidad Finis Terrae, Santiago, Chile;"
https://openalex.org/W4409907139,10.22199/issn.0718-9753-2145,True,journal-article,2025,sin_match,,
https://openalex.org/W4410007060,10.2139/ssrn.5227978,True,posted-content,2025,unico,Minwen Li,
https://openalex.org/W4410235329,10.4067/s2452-55882025000100014,True,journal-article,2025,sin_match,,
https://openalex.org/W4410249231,10.2139/ssrn.5243662,True,posted-content,2025,unico,Paula Solar,
https://openalex.org/W4410425417,10.24215/15155994e266,True,journal-article,2025,unico,Rosario Undurraga,
https://openalex.org/W4410473466,10.70536/revanacem/v18n1-311024003,True,journal-article,2024,sin_match,,
https://openalex.org/W4410530056,10.1055/s-0045-1809036,True,journal-article,2025,unico,Vicente Sepulveda,"Universidad Finis Terrae, Providencia, Chile"
https://openalex.org/W4410530131,10.1055/s-0045-1809057,True,journal-article,2025,unico,Juan Pablo Casas-Cordero,"Departamento de Traumatología y Ortopedia, Universidad Finis Terrae, Santiago, Chile | Hospital La Florida, Santiago, Región Metropolitana, Chile"
https://openalex.org/W4410593575,10.24875/iris.24000006,True,journal-article,2025,unico,Gabriela Ghirardelli-Vega · José A. León-Vargas · Pedro P. Garay-Pulgar · Valeria Agurto-Romero,
https://openalex.org/W4410869524,10.1016/j.cdnut.2025.106300,True,journal-article,2025,unico,Sandra L Lopez-Arana,
https://openalex.org/W4410880680,10.1016/j.freeradbiomed.2025.05.012,True,journal-article,2025,unico,Carlos Henriquez-Olguin,
https://openalex.org/W4410888013,10.38123/rer.v3i3.571,True,journal-article,2025,sin_match,,
https://openalex.org/W4410888021,10.38123/rer.v3i3.569,True,journal-article,2025,sin_match,,
https://openalex.org/W4410995235,10.56754/0718-9958.2025.224,True,journal-article,2025,unico,Paolo Caorsi,
https://openalex.org/W4411080277,10.47197/retos.v68.111468,True,journal-article,2025,unico,Caterina Tiscornia · Fabián Vásquez,
https://openalex.org/W4411140285,10.26448/ae9789566276425.126,True,edited-book,2025,unico,Manuel Loyola,
https://openalex.org/W4411266883,10.2139/ssrn.5293647,True,posted-content,2025,unico,Miguel Lagos · Rodrigo Paredes,
https://openalex.org/W4411360670,10.53439/stdfyt55.28.2025.55-80,True,journal-article,2025,unico,Thomas Rego,
https://openalex.org/W4411687300,10.38123/psip.3.3,True,journal-article,2025,sin_match,,
https://openalex.org/W4411687977,10.38123/psip.3.8,True,journal-article,2025,sin_match,,
https://openalex.org/W4411687985,10.38123/psip.3.0,True,journal-article,2025,sin_match,,
https://openalex.org/W4411687987,10.38123/psip.3.7,True,journal-article,2025,sin_match,,
https://openalex.org/W4411793577,10.62169/rg.i34.2545,True,journal-article,2025,sin_match,,
https://openalex.org/W4411864837,10.2139/ssrn.5334494,True,posted-content,2025,sin_match,,
https://openalex.org/W4411917584,10.59856/arch.soc.chil.med.deporte.v70i1.113,True,journal-article,2025,unico,Jorge Cancino,
https://openalex.org/W4411983221,10.38123/rre.v5i2.527,True,journal-article,2025,sin_match,,
https://openalex.org/W4411983243,10.38123/rre.v5i2.604,True,journal-article,2025,unico,Sebastián Escobar,
https://openalex.org/W4412073029,10.21703/2735-6345.3124,True,journal-article,2025,sin_match,,
https://openalex.org/W4412135051,10.2139/ssrn.5342897,True,posted-content,2025,unico,Alfonso Carriel-Nesvara · Cristóbal Muñoz-Medina · Juan Gutiérrez · Mauricio CastRo,
https://openalex.org/W4412375847,10.4185/rlcs-2026-2473,True,journal-article,2025,unico,Verónica Gubbins,
https://openalex.org/W4412436475,10.5354/3087-2332.2025.79079,True,journal-article,2025,sin_match,,
https://openalex.org/W4412546572,10.3389/fragi.2025.1548667,True,journal-article,2025,unico,Teresita Ramos,
https://openalex.org/W4412565845,10.20453/spirat.v3ine1.5473,True,journal-article,2025,unico,Karen Basfi-Fer,
https://openalex.org/W4412608999,10.17561/rtc.28.9512,True,journal-article,2025,sin_match,,
https://openalex.org/W4412622079,10.22533/at.ed.2165925260610,True,journal-article,2025,unico,Bruno Verdugo · Camilo Provoste · Cesar Guzmán · Patricia Moya,
https://openalex.org/W4412717942,10.4067/s0718-381x2025000200183,True,journal-article,2025,unico,R Macchiavello-Macho,
https://openalex.org/W4412738376,10.21703/rexe.v24i55.3125,True,journal-article,2025,unico,Carola Zañartu-Canihuante,"Universidad Finis Terrae, Chile"
https://openalex.org/W4412792919,10.22395/csye.v12n24a8,True,journal-article,2024,unico,Valeria Radrigán,
https://openalex.org/W4412982913,10.5354/0719-5338.2025.78977,True,journal-article,2025,unico,Benjamín Lagos,
https://openalex.org/W4413010154,10.21203/rs.3.rs-7115282/v1,True,posted-content,2025,unico,Paulo Valderrama,Finis Terrae University
https://openalex.org/W4413314677,10.2139/ssrn.5396257,True,posted-content,2025,unico,Miguel Lagos · Rodrigo Paredes,
https://openalex.org/W4413327902,10.2139/ssrn.5386797,True,posted-content,2025,unico,Carolina Estremadoyro · Caterina Tiscornia · Karen Basfi-Fer · Sandra Lopez-Arana,
https://openalex.org/W4413407494,10.20944/preprints202508.1423.v1,True,posted-content,2025,unico,Socrates Aedo,
https://openalex.org/W4413821241,10.1016/j.jtho.2025.07.094,True,journal-article,2025,unico,Rene Letelier-Farias,
https://openalex.org/W4413953921,10.1007/978-3-319-31739-7_54-1,True,book-chapter,2025,sin_match,,
https://openalex.org/W4414028645,10.70536/revanacem/v19n2-202564,True,journal-article,2025,sin_match,,
https://openalex.org/W4414119629,10.7764/rda.15.83868,True,journal-article,2025,sin_match,,
https://openalex.org/W4414158035,10.1080/01416200.2025.2555987,True,journal-article,2026,unico,Javier Díaz-Tejo,Universidad Finis Terrae
https://openalex.org/W4414293502,10.1155/crh/5560781,True,journal-article,2025,unico,Dan Hartman · Nigel P. Murray,
https://openalex.org/W4414457435,10.32457/rjyd.v8it.2903,True,journal-article,2025,unico,Betty Martínez-Cárdenas,"Universidad Finis Terrae, Santiago, Chile"
https://openalex.org/W4414600299,10.2139/ssrn.5546524,True,posted-content,2025,unico,Mauricio Sauma,
https://openalex.org/W4414620796,10.24875/bmhime.m25000086,True,journal-article,2026,unico,Cristóbal Carvajal,
https://openalex.org/W4414729841,10.1007/978-3-032-00718-6_9,True,book-chapter,2026,unico,Rodrigo Paredes,
https://openalex.org/W4414801168,10.1016/j.nmd.2025.105679,True,journal-article,2025,unico,C. Castiglioni,
https://openalex.org/W4414801416,10.1016/j.nmd.2025.105689,True,journal-article,2025,unico,B. Suarez · C. Castiglioni,
https://openalex.org/W4415511063,10.24822/rjduandes.0901.9,True,journal-article,2025,sin_match,,
https://openalex.org/W4415519204,10.1016/j.jtho.2025.09.1671,True,journal-article,2025,sin_match,,
https://openalex.org/W4415520344,10.1016/j.jtho.2025.09.1729,True,journal-article,2025,sin_match,,
https://openalex.org/W4415555129,10.31977/grirfi.v25i3.5424,True,journal-article,2025,sin_match,,
https://openalex.org/W4415603401,10.1155/crig/8822406,True,journal-article,2025,sin_match,,
https://openalex.org/W4415825535,10.38123/rer.v3i4.890,True,journal-article,2025,sin_match,,
https://openalex.org/W4415825585,10.38123/rer.v3i4.889,True,journal-article,2025,sin_match,,
https://openalex.org/W4415878147,10.15517/q8zbnr30,True,journal-article,2026,sin_match,,
https://openalex.org/W4416020218,10.1016/bs.ircmb.2025.10.005,True,book-chapter,2026,unico,Alfonso Carriel-Nesvara · Cristóbal Muñoz-Medina · Mauricio Castro-Sepulveda,
https://openalex.org/W4416174976,10.7764/rda.13.75101,True,journal-article,2024,sin_match,,
https://openalex.org/W4416253718,10.4000/155bm,True,journal-article,2025,sin_match,,
https://openalex.org/W4416356447,10.1016/j.accpm.2025.101677,True,journal-article,2026,unico,Andres Ferre · Andres Giglio · Javiera García · Pablo Hasbun,
https://openalex.org/W4416465426,10.2139/ssrn.5781607,True,posted-content,2025,sin_match,,
https://openalex.org/W4416614741,10.5256/f1000research.160108.r286385,True,peer-review,2024,sin_match,,
https://openalex.org/W4416645963,10.5256/f1000research.173169.r342392,True,peer-review,2024,sin_match,,
https://openalex.org/W4416648728,10.5354/0718-2236.2025.80903,True,journal-article,2025,sin_match,,
https://openalex.org/W4416650669,10.5256/f1000research.160108.r286389,True,peer-review,2024,sin_match,,
https://openalex.org/W4416702347,10.18272/pd.v9i1.3955,True,journal-article,2025,unico,Ayleen Pérez · Catalina Palacios,
https://openalex.org/W4416796071,10.1016/j.recot.2025.11.032,True,journal-article,2026,unico,T. Pineda,
https://openalex.org/W4416895969,10.1186/s13063-025-09231-9,True,journal-article,2025,sin_match,,
https://openalex.org/W4416982453,10.5944/rdp.124.2025.46897,True,journal-article,2025,sin_match,,
https://openalex.org/W4416987194,10.1123/ijspp.2025-0231,True,journal-article,2026,unico,Iñigo Mujika,"Department of Physiology, Faculty of Medicine and Nursing, University of the Basque Country, UPV/EHU, Leioa, Basque Country | Exercise Science Laboratory, School of Kinesiology, Faculty of Medicine, Universidad Finis Terrae, Santiago, Chile"
https://openalex.org/W4417015840,10.21703/issn2735-6337/2025.n47.01,True,journal-article,2025,sin_match,,
https://openalex.org/W4417177784,10.1016/j.ejwf.2025.07.292,True,journal-article,2025,unico,Francisca Figueroa Pimentel · Jan Franco Carvallo · Zvonimir Zlatar,
https://openalex.org/W4417178061,10.1016/j.ejwf.2025.07.482,True,journal-article,2025,unico,Claudia Valenzuela-Zúñiga · Claudia Zuñiga Reyes · Isaias Campbell · Jan Franco Carvallo,
https://openalex.org/W4417323562,10.1016/j.piel.2025.06.010,True,journal-article,2026,unico,Daniza Bilicic,
https://openalex.org/W4417436740,10.1123/ijspp.2025-0378,True,journal-article,2026,unico,Iñigo Mujika,"Department of Physiology, Faculty of Medicine and Nursing, University of the Basque Country, Leioa, Basque Country | Exercise Science Laboratory, School of Kinesiology, Faculty of Medicine, Universidad Finis Terrae, Santiago, Chile"
https://openalex.org/W4417437180,10.7775/rac.v92i4.395,True,journal-article,2024,unico,Fernando J. Verdugo,
https://openalex.org/W7106649433,10.17151/rlef.2025.17.1.10,True,journal-article,2025,sin_match,,
https://openalex.org/W7110397290,10.1017/s0307883325100849,True,journal-article,2025,unico,Andrea Casals-Hill,Universidad Fins Terrae
https://openalex.org/W7115885832,10.5354/0718-672x.2025.78931,True,journal-article,2025,sin_match,,
https://openalex.org/W7116684314,10.21203/rs.3.rs-8399476/v1,True,posted-content,2025,unico,Vicente Merino Gallardo,Finis Terrae University
https://openalex.org/W7117407106,10.17561/rtc.extra10.9862,True,journal-article,2025,sin_match,,
https://openalex.org/W7117465968,10.5354/0719-837x.2025.80011,True,journal-article,2025,unico,Clarisa Menteguiaga,
https://openalex.org/W7117467320,10.5354/0719-837x.2025.80880,True,journal-article,2025,unico,Francisca Gili,
https://openalex.org/W7118176004,10.5354/2735-7473.2025.82613,True,journal-article,2025,unico,Camilo Basualto · Rosario Undurraga,
https://openalex.org/W7118177741,10.15691/textoshibridos.v10i1.180,True,journal-article,2023,sin_match,,
https://openalex.org/W7118903314,10.35588/spcjnq58,False,,,sin_registro,,
https://openalex.org/W7123609351,10.5281/zenodo.18231714,False,,,sin_registro,,
https://openalex.org/W7123656127,10.5281/zenodo.18231713,False,,,sin_registro,,
https://openalex.org/W7124918947,10.35951/v7i2.257,True,journal-article,2025,unico,Paz Crisóstomo,
https://openalex.org/W7125820844,10.30827/rl.v0i36.34135,True,journal-article,2025,sin_match,,
https://openalex.org/W7125901761,10.53689/ea.v17i2.296,True,journal-article,2025,sin_match,,
https://openalex.org/W7131858242,10.1590/rbce.47.e20240115,True,journal-article,2025,unico,Jorge Cancino · Karla Echeverría,"Universidad Finis Terrae,  Chile"
https://openalex.org/W7133741286,10.4067/s0719-53892025000200157,True,journal-article,2025,sin_match,,
https://openalex.org/W7154458846,10.5281/zenodo.18774255,False,,,sin_registro,,
https://openalex.org/W7154507754,10.5281/zenodo.18774256,False,,,sin_registro,,
https://openalex.org/W7154616572,10.51698/tripodos.2025.58.08,True,journal-article,2025,sin_match,,
https://openalex.org/W7162659178,10.52611/rdpi.num26.2025.1327,True,journal-article,2025,sin_match,,
https://openalex.org/W7165918006,10.32629/ameir.v2i4.2815,True,journal-article,2024,sin_match,,
https://openalex.org/W7171518179,10.5281/zenodo.21649137,False,,,sin_registro,,
https://openalex.org/W7171532298,10.5281/zenodo.21649138,False,,,sin_registro,,
