forma_de_firma,scopus_author_ids,n_scopus_ids,orcid_master,orcid_detallado,orcid_fuente,orcid_confianza,n_publicaciones,unidades,n_unidades,confianza_max,identidad_grupo,identidad_origen
Orellana-Donoso M.,57219486372,1,,0000-0002-1781-062X,Crossref,alta,34,Facultad de Medicina y Salud,1,alta,Orellana-Donoso M.,humana
Mujika I.,55942910500,1,,0000-0002-8143-9132,Crossref,alta,30,Escuela de Kinesiología|Facultad de Medicina y Salud,2,alta,,
Ferre A.,57196003508,1,,0000-0003-1770-244X,Crossref,alta,25,Facultad de Medicina y Salud,1,alta,,
Mariotti-Celis M.S.,55386795700,1,,0000-0003-1357-812X,Crossref,alta,22,Escuela de Nutrición y Dietética|Facultad de Medicina y Salud,2,alta,,
Giglio A.,58509256700,1,,0000-0002-0533-4531,Crossref,alta,21,Facultad de Medicina y Salud,1,alta,Giglio Jiménez A.,humana
Fernández-Verdejo R.,56109554200,1,,0000-0002-5948-2281,Crossref,alta,20,Facultad de Medicina y Salud,1,alta,,
Yanine F.F.,55785548400,1,,0000-0003-1086-0840,ORCID (declarado por el titular),alta,17,Facultad de Ingeniería,1,alta,,
Dreyse J.,55664536400,1,,0000-0002-8201-5956,OpenAlex,alta,16,Facultad de Medicina y Salud,1,alta,,
Strauss F.J.,57130416100,1,,0000-0002-5832-7327,Crossref,alta,14,Facultad de Medicina y Salud,1,alta,Strauss F.J.,humana
Díaz F.,35195498000|57202322088|57220839793,3,,0000-0003-4763-074X,Crossref,alta,14,Facultad de Medicina y Salud,1,alta,Díaz F.,humana
Farsani D.,57191268752,1,,0000-0002-9412-3161,Crossref,alta,14,Facultad de Educación y Ciencias Sociales,1,alta,,
Simón L.,55554207700,1,,0000-0002-0130-3519,Crossref,alta,12,Escuela de Nutrición y Dietética|Facultad de Medicina y Salud,2,alta,,
Zbinden-Foncea H.,23010885100,1,,0000-0002-9643-1037,Crossref,alta,11,Facultad de Medicina y Salud,1,alta,,
Bustos-Arriagada E.,57189844110,1,,0000-0003-4698-1425,Crossref,alta,10,Escuela de Nutrición y Dietética|Facultad de Medicina y Salud,2,alta,,
López-Arana S.,23089038400,1,,0000-0002-4312-1318,Crossref,alta,10,Escuela de Nutrición y Dietética|Facultad de Medicina y Salud,2,alta,López-Arana S.,mixta
Yanine F.,55785548400,1,,0000-0003-1086-0840,Crossref,alta,9,Facultad de Ingeniería,1,alta,,
Hidalgo M.,57197246518,1,,0000-0003-3191-3673,Crossref,alta,9,Facultad de Ingeniería,1,alta,,
Cancino-López J.,36996964200,1,,0000-0003-3620-9861,Crossref,alta,8,Escuela de Kinesiología|Facultad de Medicina y Salud,2,alta,Cancino-López J.,humana
Hartmann D.,58612624500,1,,0000-0002-7140-4294,Crossref,alta,8,Facultad de Medicina y Salud,1,alta,Hartmann D.,humana
Castro-Sepulveda M.,56076763200,1,,0000-0002-2270-299X,Crossref,alta,8,Escuela de Kinesiología|Facultad de Medicina y Salud,2,alta,Castro-Sepúlveda M.,humana
Reccius A.,24402097000,1,,0009-0004-3236-3030,OpenAlex,alta,8,Facultad de Medicina y Salud,1,alta,,
Montalva-Valenzuela F.,57435081700,1,,0000-0003-0004-3089,Crossref,alta,7,Escuela de Kinesiología|Facultad de Medicina y Salud,2,alta,,
Puyol F.,58675515500,1,,0000-0002-2161-5894,Crossref,alta,7,Facultad de Educación y Ciencias Sociales,1,alta,,
Landskron G.,54929856000,1,,0000-0002-7953-6769,Revisión humana (candidato por afiliación confirmado),alta,7,Facultad de Medicina y Salud,1,alta,,
Castro-Sepúlveda M.,56076763200,1,,0000-0002-2270-299X,ORCID (declarado por el titular),alta,7,Facultad de Medicina y Salud,1,alta,Castro-Sepúlveda M.,humana
Diaz F.,35195498000,1,,0000-0003-4763-074X,Crossref,alta,7,Facultad de Medicina y Salud,1,alta,Díaz F.,humana
Valle M.A.,55100663900,1,,0000-0003-1362-2776,Crossref,alta,6,Facultad de Economía y Negocios,1,alta,,
Muzard A.,57193623305,1,,0000-0002-3803-1983,Crossref,alta,6,Facultad de Educación y Ciencias Sociales,1,alta,,
Pedreros C.,16745083000,1,,,,,6,No determinada,0,alta,,
Gonzalez-Valderrama A.,56586062200,1,,0000-0003-4716-4021,OpenAlex,alta,6,Facultad de Medicina y Salud,1,alta,González-Valderrama A.,ortografica
Henriquez-Olguin C.,35102305800,1,,0000-0002-9315-9365,Crossref,alta,6,Facultad de Medicina y Salud,1,alta,Henríquez-Olguín C.,ortografica
Aedo S.,6506912454,1,,0000-0001-5567-3374,Crossref,media,6,Facultad de Medicina y Salud,1,alta,,
Jorquera J.,12765789400,1,,0000-0003-4348-8678,OpenAlex,alta,5,Facultad de Medicina y Salud,1,alta,,
Mena C.,56585638200|57323016400|59753597800,3,,0000-0003-1906-1156,Crossref,media,5,Escuela de Nutrición y Dietética|Facultad de Medicina y Salud,2,alta,,
Salas-Guzmán N.,57193774407,1,,,,,5,No determinada,0,alta,,
Benites M.H.,56204920800,1,,0000-0001-6366-534X,ORCID (declarado por el titular),alta,5,Facultad de Medicina y Salud,1,alta,,
Cancino J.,36996964200|57607000000,2,,0000-0002-1956-7600,Crossref,media,5,Escuela de Kinesiología|Facultad de Medicina y Salud,2,alta,,
Torres K.,57224867683|60596438800,2,,0000-0001-7638-6438,Crossref,alta,5,Escuela de Nutrición y Dietética,1,alta,,
Rojas-Costa G.M.,58805405100|7004503519,2,,0000-0002-6228-2678,Crossref,alta,5,Facultad de Medicina y Salud,1,alta,,
Carvajal C.,53163308500,1,,0000-0002-1712-7396,ORCID (declarado por el titular),alta,5,Facultad de Medicina y Salud,1,alta,,
Hartmann Schatloff D.,58612624500|59093175300,2,,0000-0002-7140-4294,Crossref,media,5,Facultad de Medicina y Salud,1,alta,Hartmann D.,humana
Hidalgo-Rosa Y.,57210552565,1,,0000-0002-1391-435X,ORCID (declarado por el titular),alta,5,Facultad de Ingeniería,1,alta,,
Etchegaray-Armijo K.,57344834900,1,,0000-0002-8536-3729,Crossref,media,5,Facultad de Medicina y Salud,1,alta,,
Balboa E.,35423451700,1,,0000-0002-8757-436X,Crossref,media,5,Facultad de Medicina y Salud,1,alta,,
Castro M.,22233746200|56076763200|7402292686,3,,0000-0002-2270-299X,Crossref,media,5,Facultad de Medicina y Salud,1,alta,Castro-Sepúlveda M.,humana
Rego T.,58179849100,1,,0000-0003-2271-4568,Crossref,alta,5,No determinada,0,alta,,
Paredes R.,13607125500,1,,0000-0002-9943-2510,Crossref,alta,5,Facultad de Ingeniería,1,alta,,
Murray N.P.,24401869300,1,,0000-0001-8154-8550,Crossref,alta,5,Facultad de Medicina y Salud,1,alta,,
Santibáñez D.,57194413591,1,,0000-0001-7840-9138,Crossref,alta,5,Facultad de Educación y Ciencias Sociales,1,alta,,
Henríquez-Olguín C.,35102305800,1,,0000-0002-9315-9365,Crossref,alta,5,Facultad de Medicina y Salud,1,alta,Henríquez-Olguín C.,ortografica
Ruiz-Riquelme P.,58070104900,1,,0000-0002-3293-8189,Crossref,alta,5,Facultad de Medicina y Salud,1,alta,Ruiz-Riquelme P.,humana
Zambrano C.,54404332000,1,,0000-0002-9538-1816,Crossref,media,4,Facultad de Ingeniería,1,alta,,
Casals M.,57205661748,1,,0000-0001-6746-4473,Crossref,alta,4,No determinada,0,alta,,
González A.,56586062200|59249254000,2,,0000-0002-6139-4299,OpenAlex,alta,4,Facultad de Medicina y Salud,1,alta,,
Carvajal G.,57219929230,1,,0000-0002-5283-2672,ORCID (declarado por el titular),media,4,No determinada,0,alta,,
Cortina A.H.,51461053900,1,,0000-0003-3091-5386,OpenAlex,alta,4,Facultad de Medicina y Salud,1,alta,,
Tiscornia C.,58290236200,1,,0000-0002-0138-083X,ORCID (declarado por el titular),alta,4,Escuela de Nutrición y Dietética|Facultad de Medicina y Salud,2,alta,,
Castillo-Valenzuela O.,7007101727,1,,0000-0002-4411-8655,Crossref,alta,4,Escuela de Nutrición y Dietética|Facultad de Medicina y Salud,2,alta,Castillo-Valenzuela O.,humana
Molina M.,55764694200,1,,0000-0002-7091-2633,Crossref,media,4,No determinada,0,alta,,
Tuñón-Suárez M.,57222561030,1,,0000-0002-3085-9057,Crossref,media,4,Facultad de Medicina y Salud,1,alta,,
Vasquez F.,24400395100,1,,0000-0003-1769-3969,Crossref,media,4,Escuela de Nutrición y Dietética,1,alta,,
Henriquez-Olguín C.,35102305800,1,,0000-0002-9315-9365,Crossref,alta,4,Facultad de Medicina y Salud,1,alta,Henríquez-Olguín C.,ortografica
Montero V.,57214681999,1,,0000-0003-4368-2868,Crossref,alta,4,No determinada,0,alta,,
Morales J.-P.,,0,,0000-0002-7304-5256,Crossref,media,4,Facultad de Educación y Ciencias Sociales,1,alta,,
Orellana Donoso M.,57219486372,1,,0000-0002-1781-062X,Crossref,media,4,Facultad de Medicina y Salud,1,alta,Orellana-Donoso M.,humana
Gubbins V.,57188672913,1,,0000-0003-2175-2941,Crossref,alta,4,Facultad de Educación y Ciencias Sociales,1,alta,Gubbins V.,humana
Arroyo A.,58862866100,1,,0000-0003-0157-5175,OpenAlex,alta,4,Facultad de Medicina y Salud,1,alta,,
Cancino-Lopez J.,36996964200,1,,0000-0003-3620-9861,Crossref,media,4,Escuela de Kinesiología|Facultad de Medicina y Salud,2,alta,Cancino-López J.,humana
Castiglioni C.,20336835900,1,,0000-0002-1981-7550,Crossref,alta,3,Facultad de Medicina y Salud,1,alta,,
Lorca-Ponce E.,57199149969,1,,0000-0003-1881-2798,Crossref,alta,3,Escuela de Enfermería|Facultad de Medicina y Salud,2,alta,,
Carriel-Nesvara A.,59188418500,1,,0009-0002-0205-4478,Crossref,alta,3,Facultad de Medicina y Salud,1,alta,,
Muszalski H.,57223206591,1,,0000-0001-7031-6957,Crossref,media,3,No determinada,0,alta,,
Dávila C.M.,57201182805,1,,0000-0002-6357-3469,OpenAlex,alta,3,No determinada,0,alta,,
Rojas D.,57196001996|60585234300,2,,0000-0002-1675-2958,Crossref,media,3,No determinada,0,alta,,
Lang M.,56729898100,1,,0000-0002-8465-5471,ORCID (declarado por el titular),alta,3,Escuela de Kinesiología|Facultad de Medicina y Salud,2,alta,,
Mansilla-Obando K.,57239930100,1,,0000-0003-4273-4259,Crossref,alta,3,Facultad de Economía y Negocios,1,alta,,
Marín G.J.,7202560418,1,,0000-0003-2961-6469,Crossref,alta,3,Facultad de Medicina y Salud,1,alta,,
Moyano Dávila C.,57201182805,1,,0000-0002-6357-3469,Crossref,alta,3,Escuela de Ciencias de la Familia,1,alta,Moyano Dávila C.,humana
Moya P.,57767862900|60235456000,2,,0000-0002-8442-2571,Crossref,media,3,Facultad de Medicina y Salud,1,alta,,
Pastén-Henríquez B.,57983487700,1,,,,,3,Facultad de Economía y Negocios,1,alta,,
Vergara K.,59754587000,1,,,,,3,Facultad de Medicina y Salud,1,alta,,
Galleguillos R.,36025215000,1,,0000-0001-6065-5218,Crossref,alta,3,Facultad de Ingeniería,1,alta,Galleguillos R.,humana
Pino-Zúñiga J.,57209908331,1,,,,,3,Escuela de Kinesiología|Facultad de Medicina y Salud,2,alta,Pino-Zúñiga J.,humana
Rojas-Saffie J.P.,58142735700,1,,0000-0001-5269-0865,Crossref,media,3,Facultad de Educación y Ciencias Sociales,1,alta,,
Hasbun P.,22955162900,1,,,,,3,No determinada,0,alta,Hasbún P.,humana
Salas C.,57202021763,1,,0000-0002-9495-9866,OpenAlex,alta,3,Facultad de Medicina y Salud,1,alta,,
Santander A.S.,58993042300,1,,,,,3,No determinada,0,alta,,
Soto-Suazo M.,6602266289,1,,,,,3,Facultad de Medicina y Salud,1,alta,,
Valenzuela R.,16318014100|58862136700|59595360800,3,,0009-0007-8023-3400,ORCID (declarado por el titular),alta,3,Facultad de Medicina y Salud,1,alta,,
Guevara E.,57217022028,1,,0009-0000-1595-9044,Crossref,alta,3,Facultad de Economía y Negocios,1,alta,,
Kobayashi M.A.,7405532126,1,,0000-0002-6004-1301,OpenAlex,alta,3,Facultad de Artes,1,alta,,
Valdés C.Á.,60054146100,1,,0000-0003-0402-5072,OpenAlex,alta,3,Facultad de Educación y Ciencias Sociales,1,alta,,
Undurraga R.,55345490200,1,,0000-0001-5801-2125,ORCID (declarado por el titular),alta,3,Escuela de Ciencias de la Familia,1,alta,,
Vásquez F.,24400395100,1,,0000-0003-1769-3969,OpenAlex,alta,3,Escuela de Nutrición y Dietética|Facultad de Medicina y Salud,2,alta,,
Hernández L.T.,57220042775,1,,0000-0003-4666-2491,OpenAlex,alta,3,No determinada,0,alta,,
Contreras-Contreras G.,58508426800,1,,0009-0001-7376-4656,Crossref,media,3,Facultad de Medicina y Salud,1,alta,,
Gómez-Sotta E.,58804572000,1,,0009-0009-6090-0848,ORCID (declarado por el titular),alta,2,Facultad de Economía y Negocios,1,alta,,
De la Fuente M.,23090504600,1,,0000-0003-0577-7604,Crossref,media,2,Facultad de Medicina y Salud,1,alta,,
De la Fuente López M.,23090504600|60150573200,2,,,,,2,Facultad de Medicina y Salud,1,alta,,
Allende-Valenzuela T.,59321456000,1,,0009-0009-2334-0562,Crossref,alta,2,Facultad de Educación y Ciencias Sociales,1,alta,,
Loyola M.T.,55884631100,1,,0000-0002-2580-8271,ORCID (declarado por el titular),media,2,Facultad de Humanidades y Comunicaciones,1,alta,,
Hayes-Ortiz T.,58192471400,1,,0009-0006-8457-5435,ORCID (declarado por el titular),alta,2,Facultad de Medicina y Salud,1,alta,,
Hasbún P.,22955162900,1,,,,,2,Facultad de Medicina y Salud,1,alta,Hasbún P.,humana
Cid N.,59560442900,1,,,,,2,Facultad de Medicina y Salud,1,alta,,
Gálvez M.,24339987800,1,,0000-0002-8638-5268,Crossref,media,2,Facultad de Medicina y Salud,1,alta,,
Chavez-Reyes A.,7801313307,1,,0000-0002-6655-815X,ORCID (declarado por el titular),alta,2,No determinada,0,alta,,
Verschae G.,7801439873,1,,,,,2,Facultad de Medicina y Salud,1,alta,,
Gutiérrez-Pino J.,57216877387,1,,,,,2,Facultad de Medicina y Salud,1,alta,,
Gaete M.,8341795800,1,,0000-0003-1846-2417,Crossref,media,2,Facultad de Medicina y Salud,1,alta,,
Gutiérrez J.,57192703299|59221961900,2,,,,,2,Facultad de Medicina y Salud,1,alta,,
Vargas-Foitzick R.,57193330214,1,,0000-0003-4466-1276,ORCID (declarado por el titular),alta,2,Facultad de Medicina y Salud,1,alta,,
Ceron M.L.,57416791800,1,,0000-0001-8662-8189,ORCID (declarado por el titular),alta,2,Facultad de Ingeniería,1,alta,Cerón M.L.,humana
Cerda E.,59754320700,1,,,,,2,Facultad de Medicina y Salud,1,alta,,
Buchuk P.,58804802700,1,,0009-0009-8078-2738,Crossref,media,2,Facultad de Economía y Negocios,1,alta,,
Lopez-Arana S.,23089038400,1,,0000-0002-4312-1318,Crossref,media,2,Facultad de Medicina y Salud,1,alta,López-Arana S.,mixta
González-Valderrama A.,56586062200,1,,0000-0003-4716-4021,OpenAlex,alta,2,Facultad de Medicina y Salud,1,alta,González-Valderrama A.,ortografica
Muñoz-Medina C.,59959333800,1,,0009-0000-2165-0553,Crossref,alta,2,Facultad de Medicina y Salud,1,alta,,
García-Matte N.,59171253500,1,,0000-0001-8712-0408,ORCID (declarado por el titular),alta,2,Facultad de Educación y Ciencias Sociales,1,alta,,
Giglio Jimenez A.,58509256700,1,,0000-0002-0533-4531,Crossref,alta,2,No determinada,0,alta,Giglio Jiménez A.,humana
Larrañaga M.,58559429200,1,,0009-0006-2146-5677,Crossref,media,2,Facultad de Medicina y Salud,1,alta,,
Maldonado-Agurto R.,50461880700,1,,0000-0002-8326-9800,Crossref,media,2,Facultad de Medicina y Salud,1,alta,,
Nieto I.,57201459299,1,,0000-0001-5600-9248,Crossref,media,2,Facultad de Artes,1,alta,,
Massa Á.A.,56087752400,1,,0000-0003-3188-0189,OpenAlex,media,2,Facultad de Derecho,1,alta,Massa A.A.,humana
Ayares G.,57328635500,1,,0000-0002-8651-2255,Crossref,alta,2,Facultad de Medicina y Salud,1,alta,,
Ossa-Cox M.,58555985000,1,,0009-0006-4778-3235,Crossref,media,2,Facultad de Medicina y Salud,1,alta,,
Ortiz-Orellana G.,58690311300,1,,,,,2,Facultad de Medicina y Salud,1,alta,,
Ferreira-Wortsman C.,57201701782,1,,,,,2,Facultad de Medicina y Salud,1,alta,,
Pizarro S.,59137082400,1,,0000-0003-3454-4252,Crossref,media,2,Facultad de Medicina y Salud,1,alta,Pizarro S.,humana
Massa A.A.,56087752400,1,,0000-0003-3188-0189,OpenAlex,alta,2,No determinada,0,alta,Massa A.A.,humana
Retamal M.J.,36878084500,1,,,,,2,Facultad de Ingeniería,1,alta,,
Giordanino E.,57200188404,1,,0000-0001-7380-4753,Revisión humana (candidato por afiliación confirmado),alta,2,Facultad de Medicina y Salud,1,alta,Giordanino E.,humana
Ramos A.,58861387700,1,,0000-0002-1248-0553,OpenAlex,alta,2,Facultad de Medicina y Salud,1,alta,,
Quezada M.,56013972600|60138063800,2,,0000-0003-1637-1909,OpenAlex,alta,2,Facultad de Medicina y Salud,1,alta,,
Manzur A.,59533187200,1,,,,,2,No determinada,0,alta,,
Caffarena P.,60513695700,1,,0000-0002-2609-6413,Revisión humana (candidato por afiliación confirmado),alta,2,No determinada,0,alta,,
Caffarena-Barcenilla C.,57211584427,1,,0000-0001-9550-3695,Crossref,alta,2,Facultad de Educación y Ciencias Sociales,1,alta,,
Rodríguez C.,57199444228,1,,0000-0001-9578-495X,OpenAlex,alta,2,Facultad de Medicina y Salud,1,alta,,
Díaz M.J.H.,58533004800,1,,,,,2,No determinada,0,alta,,
Morales-Guevara R.,57359799900,1,,0000-0002-1147-619X,Crossref,alta,2,Facultad de Ingeniería,1,alta,,
Saenz A.,59552160900,1,,0009-0006-7721-6012,ORCID (declarado por el titular),media,2,No determinada,0,alta,,
Figueroa D.,58917104400,1,,0000-0003-2118-9159,OpenAlex,alta,2,Facultad de Educación y Ciencias Sociales,1,alta,,
Saud F.,59207559800,1,,,,,2,No determinada,0,alta,,
Santos M.,57204120258|60389552400,2,,0000-0002-2658-3764,Crossref,media,2,Facultad de Medicina y Salud,1,alta,,
Llanos G.,57204177505,1,,0000-0002-2516-3549,Crossref,alta,2,Facultad de Economía y Negocios,1,alta,,
Diaz-Pizarro M.,59317865500,1,,0009-0008-1626-6707,ORCID (declarado por el titular),media,2,Escuela de Kinesiología,1,alta,,
Sanhueza M.B.,59731713300,1,,,,,2,Facultad de Medicina y Salud,1,alta,,
Stöwhas K.,59196420300,1,,0009-0005-9291-3062,Crossref,alta,2,Escuela de Kinesiología,1,alta,,
Strauss F.-J.,,0,,0000-0002-5832-7327,Crossref,alta,2,Facultad de Medicina y Salud,1,alta,Strauss F.J.,humana
Montero-Orellana M.J.,58555930100,1,,0009-0007-0052-9616,Crossref,media,2,Facultad de Medicina y Salud,1,alta,,
Soto M.,57613682900,1,,0000-0002-6502-4287,OpenAlex,alta,2,Facultad de Medicina y Salud,1,alta,,
Soto L.,57194392189,1,,0000-0002-0829-8767,OpenAlex,alta,2,Facultad de Medicina y Salud,1,alta,,
Lucero-Mora J.,58828642600,1,,0000-0002-8554-7181,Crossref,media,2,Facultad de Medicina y Salud,1,alta,,
Candia-Véjar A.,12760430500,1,,0000-0003-2953-6522,Crossref,media,2,Escuela de Ingeniería Civil Industrial|Facultad de Ingeniería,2,alta,,
Torrealba F.P.,58545865400,1,,0000-0002-8138-029X,OpenAlex,alta,2,No determinada,0,alta,,
Flores P.C.,57713608100,1,,0000-0002-9761-2112,OpenAlex,alta,2,No determinada,0,alta,,
Castillo O.,60129542700|7007101727,2,,0000-0002-4411-8655,Crossref,media,2,Facultad de Medicina y Salud,1,alta,Castillo-Valenzuela O.,humana
Jan N.V.S.,58117156800,1,,0009-0009-2540-9228,OpenAlex,alta,2,Facultad de Medicina y Salud,1,alta,,
Valderrama P.,57062781400,1,,0000-0002-2232-8168,OpenAlex,media,2,Facultad de Medicina y Salud,1,alta,,
Urrutia A.,7007060404,1,,0000-0002-1806-1616,OpenAlex,alta,2,Facultad de Ingeniería,1,alta,,
Ayala M.,55334978800,1,,0000-0002-9372-1645,Crossref,media,2,No determinada,0,alta,,
Cottin M.,57200079556,1,,0000-0002-9460-7190,Crossref,media,2,Facultad de Educación y Ciencias Sociales,1,alta,,
Widow G.L.,56976276800,1,,,,,2,No determinada,0,alta,,
Nachar R.,56768082900,1,,,,,2,Facultad de Medicina y Salud,1,alta,,
Van Sint Jan N.,57196004058,1,,0009-0009-2540-9228,Crossref,media,2,No determinada,0,alta,,
Arenas-Massa Á.,56404649500,1,,0000-0003-3188-0189,Crossref,media,2,Facultad de Derecho,1,alta,Arenas-Massa Á.,humana
Aqueveque-Muñoz C.,59419270700,1,,,,,2,No determinada,0,alta,,
Zañartu T.V.,59986560600,1,,0009-0005-2748-7888,OpenAlex,media,2,No determinada,0,alta,,
Villarroel V.,57193195324,1,,0000-0002-3000-2248,Crossref,media,2,Facultad de Educación y Ciencias Sociales,1,alta,,
Zárate A.,24825952000,1,,,,,2,Facultad de Medicina y Salud,1,alta,,
Villena J.M.,58033180400,1,,,,,2,Facultad de Medicina y Salud,1,alta,,
Cruzat J.C.,58809478600,1,,,,,1,No determinada,0,alta,,
Cruz D.H.-D.L.,,0,,,,,1,Facultad de Medicina y Salud,1,alta,,
Crisóstomo-Flores P.,57713608100,1,,0000-0002-9761-2112,Crossref,media,1,No determinada,0,alta,Crisóstomo Flores P.,humana
Crisóstomo Flores P.,57713608100,1,,0000-0002-9761-2112,ORCID (declarado por el titular),media,1,No determinada,0,alta,Crisóstomo Flores P.,humana
Covarrubias C P.,59680859000,1,,,,,1,No determinada,0,alta,,
Cortés-Sylvester M.F.,57190019039,1,,,,,1,No determinada,0,alta,,
Cooper A.,59246927300,1,,,,,1,Facultad de Medicina y Salud,1,alta,,
Contreras Valeria C.,59164865800,1,,,,,1,Facultad de Medicina y Salud,1,alta,,
Conti Donoso F.,60036184300,1,,,,,1,Facultad de Medicina y Salud,1,alta,,
Conejero R A.,59681370400,1,,,,,1,No determinada,0,alta,,
Coloma C.R.-T.,,0,,0009-0008-2384-6611,Crossref,media,1,No determinada,0,alta,,
Coloma B.,59246943600,1,,,,,1,No determinada,0,alta,,
Duarte L.,57215089347,1,,0000-0001-8893-4569,ORCID (declarado por el titular),media,1,Facultad de Medicina y Salud,1,alta,,
Doña V J.,59681370500,1,,,,,1,No determinada,0,alta,,
Dorlhiac R.A.,57287130400,1,,,,,1,No determinada,0,alta,,
Donoso M.O.,58984287300,1,,,,,1,Facultad de Medicina y Salud,1,alta,,
Domínguez A.,59180378700,1,,,,,1,No determinada,0,alta,Domínguez A.,humana
Dominguez A.,59180378700,1,,0000-0002-4277-3445,OpenAlex,media,1,Facultad de Medicina y Salud,1,alta,Domínguez A.,humana
Diaz-Reiher M.,57658507100,1,,,,,1,No determinada,0,alta,,
Debesa-Arregui L.M.,60530952100,1,,,,,1,Facultad de Derecho,1,alta,,
De la fuente López M.,23090504600,1,,,,,1,Facultad de Medicina y Salud,1,alta,,
Cárdenas Larenas J.P.,58954814800,1,,0009-0001-5706-8570,Crossref,media,1,No determinada,0,alta,,
Cárdenas D.C.,58191038400,1,,0000-0002-6533-3266,OpenAlex,media,1,No determinada,0,alta,,
Espinoza A.R.,59978883900,1,,,,,1,Facultad de Medicina y Salud,1,alta,,
Esis Villarroel I.S.,60084490700,1,,0000-0002-2379-8380,Crossref,media,1,Facultad de Derecho,1,alta,,
Escobar-González S.,60071273600,1,,0000-0003-2786-1487,Revisión humana (candidato por afiliación confirmado),alta,1,No determinada,0,alta,,
Errázuriz A.M.,57072823100,1,,,,,1,No determinada,0,alta,,
Erazo P.V.,57218203576,1,,,,,1,Facultad de Medicina y Salud,1,alta,,
Elton Í.A.G.,59527841500,1,,0009-0008-4866-4988,OpenAlex,media,1,No determinada,0,alta,,
Elorrieta V.,57998831100,1,,0000-0003-1268-9784,Crossref,media,1,No determinada,0,alta,,
Edwards-Toro F.,58755816900,1,,,,,1,Facultad de Medicina y Salud,1,alta,,
Echeverría K.,59362081600,1,,,,,1,Facultad de Medicina y Salud,1,alta,,
D’andurain J.,58290050500,1,,,,,1,Facultad de Medicina y Salud,1,alta,,
Dıaz F.,35195498000,1,,,,,1,Facultad de Medicina y Salud,1,alta,,
Díaz-Galaz L.,59351091000,1,,,,,1,No determinada,0,alta,,
Díaz-Eris A.,58854530200,1,,,,,1,No determinada,0,alta,,
Díaz-Castro F.,57195773605,1,,0000-0003-1644-8742,Crossref,media,1,Facultad de Medicina y Salud,1,alta,,
Díaz Rubio F.,25654778300,1,,,,,1,Facultad de Medicina y Salud,1,alta,,
Foxley V.G.,57188672913,1,,0000-0003-2175-2941,Crossref,media,1,No determinada,0,alta,Gubbins V.,humana
Fortuny E.,59254638800,1,,0000-0002-0864-5669,ORCID (declarado por el titular),media,1,No determinada,0,alta,,
Flores-Opazo M.,55626883000,1,,0000-0001-8743-1708,Crossref,media,1,No determinada,0,alta,,
Figueroa-Toledo A.M.,,0,,,,,1,Facultad de Medicina y Salud,1,alta,,
Figueroa-Moya D.,60158587100,1,,0000-0003-2118-9159,Crossref,media,1,No determinada,0,alta,,
Figueroa-Bustos A.,57245866600,1,,0000-0002-1748-1037,ORCID (declarado por el titular),media,1,No determinada,0,alta,,
Figueroa F.C.,58999532000,1,,0000-0002-1280-9742,Crossref,media,1,No determinada,0,alta,,
Figueroa A.M.,57218711484,1,,,,,1,Facultad de Medicina y Salud,1,alta,,
Festa R.R.,57885554500,1,,0000-0003-4757-483X,ORCID (declarado por el titular),media,1,Escuela de Kinesiología,1,alta,,
Ferre Contreras A.,45861101100,1,,0000-0003-1770-244X,Revisión humana (candidato por afiliación confirmado),alta,1,No determinada,0,alta,,
Fernández J.,60479253500,1,,,,,1,No determinada,0,alta,,
Fermín-González M.,57214888416,1,,0000-0003-1050-7799,Crossref,media,1,No determinada,0,alta,,
Faúndez M.O.,57873264900,1,,0000-0002-0158-6651,Crossref,media,1,Facultad de Economía y Negocios,1,alta,,
García J.,59256319400,1,,,,,1,No determinada,0,alta,,
García I.A.,57339772200,1,,0000-0003-2444-8179,OpenAlex,media,1,"Facultad de Arquitectura, Diseño y Estudios Creativos",1,alta,,
García F.,58857164000|59465758900,2,,0000-0002-9548-5252,OpenAlex,media,1,No determinada,0,alta,,
Garcia K.,59753589000,1,,,,,1,Facultad de Medicina y Salud,1,alta,,
Garcia J.,59256319400,1,,,,,1,No determinada,0,alta,,
Galleguillos R.B.,36025215000,1,,0000-0001-6065-5218,Crossref,media,1,Facultad de Ingeniería,1,alta,Galleguillos R.,humana
Galaz M.T.V.,59533563100,1,,0009-0005-9063-7439,OpenAlex,media,1,Facultad de Medicina y Salud,1,alta,,
Fuentes-Abarca A.,59008900600,1,,,,,1,Facultad de Medicina y Salud,1,alta,,
Fuentealba J.M.,59674331000,1,,,,,1,Facultad de Medicina y Salud,1,alta,,
Fuente M.D.L.,,0,,0000-0003-0577-7604,OpenAlex,media,1,No determinada,0,alta,,
Franco D.R.,55891282200,1,,,,,1,Facultad de Medicina y Salud,1,alta,,
Franchello M.E.,59756663300,1,,,,,1,Facultad de Medicina y Salud,1,alta,,
Franchello M.,59756663300,1,,,,,1,Facultad de Medicina y Salud,1,alta,,
González-Hernández J.,59867109100,1,,0000-0003-3835-7104,OpenAlex,media,1,Facultad de Medicina y Salud,1,alta,,
González S.E.,57202223345,1,,,,,1,Facultad de Educación y Ciencias Sociales,1,alta,,
González P.S.,58809096900,1,,,,,1,Facultad de Medicina y Salud,1,alta,,
González J.H.,59241782800,1,,,,,1,Facultad de Medicina y Salud,1,alta,,
González I.,59590859900,1,,,,,1,Facultad de Medicina y Salud,1,alta,,
Gonzalez- Valderrama A.,56586062200,1,,,,,1,Facultad de Medicina y Salud,1,alta,González-Valderrama A.,ortografica
Gomez D.S.,57194413591,1,,,,,1,Facultad de Educación y Ciencias Sociales,1,alta,,
Gomez Barbieri G.,57223157908,1,,,,,1,No determinada,0,alta,Gómez Barbieri G.,humana
Godoy-Torres V.,58306720000,1,,0000-0002-7893-0940,Crossref,media,1,Facultad de Artes,1,alta,,
Giordanino E.F.,57200188404,1,,0000-0001-7380-4753,Revisión humana (candidato por afiliación confirmado),alta,1,Facultad de Medicina y Salud,1,alta,Giordanino E.,humana
Giglio Jiménez A.,58509256700,1,,0000-0002-0533-4531,Crossref,media,1,No determinada,0,alta,Giglio Jiménez A.,humana
Giancáspero-Inostroza F.,59492169200,1,,,,,1,Facultad de Medicina y Salud,1,alta,,
García-Meneses C.,59676955500,1,,0009-0006-4302-5007,Crossref,media,1,No determinada,0,alta,,
Gómez G.G.,58979787500,1,,0000-0001-5193-2738,OpenAlex,media,1,No determinada,0,alta,,
Gómez G.,58979787500,1,,0000-0001-5193-2738,OpenAlex,media,1,No determinada,0,alta,,
Gómez Barbieri G.,57223157908,1,,,,,1,No determinada,0,alta,Gómez Barbieri G.,humana
Gálvez-Bravo F.,58756450600,1,,,,,1,Facultad de Medicina y Salud,1,alta,,
Gutiérrez S.,57206252422,1,,,,,1,Facultad de Medicina y Salud,1,alta,,
Gutierrez M.,60023564200,1,,,,,1,No determinada,0,alta,,
Guevara Ó.J.,58851973700,1,,,,,1,No determinada,0,alta,,
Gubbins-Foxley V.,57188672913,1,,0000-0003-2175-2941,Crossref,media,1,No determinada,0,alta,Gubbins V.,humana
Guardia Castro D.,59916852600,1,,0000-0002-9959-2856,Crossref,media,1,No determinada,0,alta,,
Barrera E.G.,60549975500,1,,,,,1,No determinada,0,alta,,
Barrenechea-Salvador M.,60101861400,1,,,,,1,Facultad de Medicina y Salud,1,alta,,
Barcenilla P.C.,57221045821,1,,,,,1,No determinada,0,alta,,
Barbieri G.G.,58870862400,1,,0009-0006-1130-7157,Revisión humana (candidato por afiliación confirmado),alta,1,No determinada,0,alta,,
Ballesteros P.,58751671800,1,,,,,1,Facultad de Medicina y Salud,1,alta,,
Avilés-Dorlhiac R.,57212759402,1,,,,,1,No determinada,0,alta,Avilés-Dorlhiac R.,humana
Avilès Dorlhiac R.,57212759402,1,,,,,1,No determinada,0,alta,Avilés-Dorlhiac R.,humana
Avendano B.S.,60118085600,1,,,,,1,No determinada,0,media,,
Herrero J.,59516178700,1,,0009-0001-4210-1016,ORCID (declarado por el titular),media,1,Escuela de Kinesiología,1,alta,,
Herrera N.,60389487400,1,,,,,1,No determinada,0,alta,,
Herrera Araya D.,57196088289,1,,0000-0002-7631-9283,Crossref,media,1,No determinada,0,alta,,
Hernández R.N.,60238613900,1,,0000-0002-3871-3108,OpenAlex,media,1,No determinada,0,alta,,
Hernández Cortina A.,51461053900,1,,,,,1,Escuela de Enfermería,1,alta,,
Hernandez A.,51461053900,1,,,,,1,No determinada,0,alta,,
Henríquez-Olguin C.,35102305800,1,,0000-0002-9315-9365,ORCID (declarado por el titular),media,1,Facultad de Medicina y Salud,1,alta,Henríquez-Olguín C.,ortografica
Henríquez C.,60174074000,1,,,,,1,No determinada,0,alta,,
Henrriquez C.,58640474200,1,,,,,1,Facultad de Economía y Negocios,1,alta,,
Basáez-Miranda E.,59979308300,1,,,,,1,Facultad de Medicina y Salud,1,alta,,
Bastías J.,57810465500,1,,,,,1,Facultad de Economía y Negocios,1,alta,,
Bassa J.C.,59011669500,1,,0000-0002-2547-0135,Crossref,media,1,No determinada,0,alta,,
Barrientos J.,59358068200,1,,,,,1,Facultad de Medicina y Salud,1,alta,,
Irarrázaval C.A.,58533004700,1,,,,,1,No determinada,0,alta,,
Inzulza S.,58671692800,1,,,,,1,Facultad de Medicina y Salud,1,alta,,
Inostroza P.,59246867600,1,,,,,1,Facultad de Medicina y Salud,1,alta,,
Ibáñez-Muñoz R.C.,58884093400,1,,0000-0002-5798-1562,Crossref,media,1,No determinada,0,alta,,
Ibañez V.,59502611000,1,,,,,1,No determinada,0,alta,,
Ibañez H.,57221208301,1,,,,,1,Facultad de Medicina y Salud,1,alta,,
Hurtado D M.J.,59682375400,1,,,,,1,No determinada,0,alta,,
Huepe-Artigas D.,56586230400,1,,0000-0002-1258-5670,OpenAlex,media,1,Facultad de Educación y Ciencias Sociales,1,alta,,
Hube-Antoine C.,58125684800,1,,,,,1,No determinada,0,alta,,
Horna Campos O.,22941076000,1,,0000-0001-8124-467X,ORCID (declarado por el titular),media,1,Facultad de Medicina y Salud,1,alta,,
Hill A.C.,57209027307,1,,0000-0001-5940-1050,OpenAlex,media,1,No determinada,0,alta,,
Hidalgo-Pérez H.,58475501200,1,,,,,1,Facultad de Ingeniería,1,alta,,
Hidago-Rosa Y.,58318003300,1,,,,,1,Facultad de Ingeniería,1,alta,,
Hevia-Larraín V.,57216331036,1,,0000-0002-3019-4462,Crossref,media,1,Facultad de Medicina y Salud,1,alta,,
Hevia D.,53263869700,1,,,,,1,Facultad de Medicina y Salud,1,alta,,
Landreau C.C.,59532772900,1,,0009-0000-7474-5273,OpenAlex,media,1,Facultad de Medicina y Salud,1,alta,,
Lagos M.,7003929252,1,,0000-0002-6114-0782,Crossref,media,1,Facultad de Ingeniería,1,alta,,
Kompatzki Á.,6506484240,1,,,,,1,No determinada,0,alta,,
Kemeny R.,58861387600,1,,,,,1,No determinada,0,alta,,
Johansen A.,23980210200,1,,0000-0003-0063-3679,OpenAlex,media,1,No determinada,0,alta,,
Jofré Bartholin M.,58782103100,1,,,,,1,Facultad de Medicina y Salud,1,alta,,
Jiménez A.G.,59753605100,1,,,,,1,No determinada,0,alta,Jiménez A.G.,humana
Jimenez A.G.,59753605100,1,,,,,1,No determinada,0,alta,Jiménez A.G.,humana
Jeria-Espinoza V.,60130836200,1,,0009-0000-4168-198X,Revisión humana (candidato por afiliación confirmado),alta,1,Facultad de Medicina y Salud,1,alta,,
Jaque Y.,58752614300,1,,,,,1,Facultad de Medicina y Salud,1,alta,,
Jannas-Vela S.,57189060868,1,,0000-0001-9619-592X,Crossref,media,1,No determinada,0,alta,,
Ishtiaque T.A.,58018299100,1,,0000-0002-3041-9748,OpenAlex,media,1,No determinada,0,alta,,
Irarrázaval C.A.A.,58533004700,1,,,,,1,No determinada,0,alta,,
López A.L.,59341924600,1,,,,,1,No determinada,0,alta,,
Loyola M.,55884631100,1,,,,,1,No determinada,0,alta,,
Lomboy M.,59366525500,1,,0009-0008-1613-0156,Crossref,media,1,No determinada,0,alta,Lomboy Finsterbusch M.I.,humana
Lomboy Finsterbusch M.I.,60090327500,1,,0009-0008-1613-0156,Crossref,media,1,Facultad de Educación y Ciencias Sociales,1,alta,Lomboy Finsterbusch M.I.,humana
Llera C.,58752140600,1,,,,,1,Facultad de Medicina y Salud,1,alta,,
Ballesteros P. P.,58242709100,1,,,,,1,Facultad de Medicina y Salud,1,alta,,
Letelier Widow G.,56976276800,1,,,,,1,No determinada,0,alta,,
Letelier J.P.,57219144357,1,,0000-0002-4054-3187,OpenAlex,media,1,No determinada,0,alta,,
Letelier F.,57216258821,1,,,,,1,Facultad de Medicina y Salud,1,alta,,
Lermanda Peña C.,58884732000,1,,,,,1,Facultad de Medicina y Salud,1,alta,,
Aguilar-Risco C.,60242727500,1,,0009-0003-4455-3889,ORCID (declarado por el titular),media,1,Facultad de Medicina y Salud,1,alta,,
Aguirre M.,58803874400,1,,,,,1,Facultad de Economía y Negocios,1,alta,,
Mariotti-Cellis M.S.,55386795700,1,,,,,1,No determinada,0,alta,,
Mardónez M.M.,59487034200,1,,0000-0003-3296-3330,Crossref,media,1,Facultad de Medicina y Salud,1,alta,,
Mardones-Falcone G.,58931723900,1,,0000-0003-3943-8731,ORCID (declarado por el titular),media,1,No determinada,0,alta,,
Marchese-Bittencourt M.,59188418600,1,,0009-0007-5833-5355,Crossref,media,1,Facultad de Medicina y Salud,1,alta,,
Ahumada F.,58805031100,1,,,,,1,Facultad de Economía y Negocios,1,alta,,
Alba V.,59407759300,1,,,,,1,Facultad de Medicina y Salud,1,alta,,
Mansilla K.Y.,57239930100,1,,,,,1,Facultad de Economía y Negocios,1,alta,,
Mancilla R.,56167363300,1,,0000-0002-2143-6386,Crossref,media,1,Facultad de Medicina y Salud,1,alta,,
Almendras-Chacana R.A.,60109225300,1,,,,,1,No determinada,0,alta,,
Maldonado J D.,56771363600,1,,,,,1,No determinada,0,alta,,
Macho R.M.,57226375250,1,,0000-0001-7592-1136,OpenAlex,media,1,No determinada,0,alta,,
Macho R.A.M.,57226375250,1,,0000-0001-7592-1136,OpenAlex,media,1,No determinada,0,alta,,
López-Soto P.,60389420900,1,,0000-0003-2559-6464,Revisión humana (candidato por afiliación confirmado),alta,1,Facultad de Medicina y Salud,1,alta,,
López Y.M.,59385913400,1,,,,,1,No determinada,0,alta,,
López V.,58291010100,1,,0000-0003-1323-7843,Revisión humana (candidato por afiliación confirmado),alta,1,Facultad de Medicina y Salud,1,alta,,
López Arana S.,23089038400,1,,0000-0002-4312-1318,ORCID (declarado por el titular),media,1,Facultad de Medicina y Salud,1,alta,López-Arana S.,mixta
Altamirano M.,59228527700,1,,0000-0002-4290-4388,OpenAlex,media,1,Facultad de Economía y Negocios,1,alta,,
Alviz M.,59228472200,1,,,,,1,Facultad de Economía y Negocios,1,alta,,
Amarouch García I.,57339772200,1,,0000-0003-2444-8179,Crossref,media,1,"Facultad de Arquitectura, Diseño y Estudios Creativos",1,alta,,
María José H.,59009653100,1,,,,,1,No determinada,0,alta,,
Martínez-Mardones M.B.,57225050522,1,,0000-0003-3296-3330,OpenAlex,media,1,No determinada,0,alta,,
Martínez-Cárdenas B.,58753349000,1,,0000-0001-6460-8953,Crossref,media,1,No determinada,0,alta,,
Martínez M.M.,58088132900,1,,,,,1,No determinada,0,alta,,
Martínez M.,58088132900,1,,,,,1,Facultad de Medicina y Salud,1,alta,Martínez M.,ortografica
Martínez Galdames B.,59508489400,1,,,,,1,Facultad de Medicina y Salud,1,alta,,
Martín M.J.S.,59752108400,1,,,,,1,Facultad de Educación y Ciencias Sociales,1,alta,,
Martinez-Mardones M.B.,57225050522,1,,0000-0003-3296-3330,OpenAlex,media,1,Facultad de Medicina y Salud,1,alta,,
Martinez-Mardones M.,57225050522,1,,0000-0003-3296-3330,OpenAlex,media,1,Facultad de Medicina y Salud,1,alta,,
Martinez M.,56499734000,1,,0000-0002-8127-7620,Crossref,media,1,No determinada,0,alta,Martínez M.,ortografica
Martineau P.D.H.C.,59403217500,1,,,,,1,No determinada,0,alta,,
Martin P.A.Q.S.,59533750400,1,,0009-0006-3555-1787,OpenAlex,media,1,Facultad de Medicina y Salud,1,alta,,
Marrugo N.,58243335300,1,,,,,1,Facultad de Medicina y Salud,1,alta,,
Villegas P.A.P.,59543218300,1,,0009-0009-7379-3519,OpenAlex,media,1,No determinada,0,alta,,
Morales Sepúlveda J.P.,57194732185,1,,,,,1,Facultad de Educación y Ciencias Sociales,1,alta,Morales Sepúlveda J.P.,humana
Arregui L.M.D.,60650413300,1,,0000-0001-7614-456X,OpenAlex,media,1,No determinada,0,alta,,
Moraga Concha J.,56481691200,1,,0009-0007-5923-0205,Crossref,media,1,No determinada,0,alta,,
Zamorano S.,60235455900,1,,0009-0004-3725-4204,Crossref,media,1,Facultad de Medicina y Salud,1,alta,,
Villarroel N.C.,59533750300,1,,0009-0006-5333-8840,OpenAlex,media,1,Facultad de Medicina y Salud,1,alta,,
Montalva J.T.,60549859000,1,,,,,1,No determinada,0,alta,,
Moltedo N.I.F.,57218534805,1,,,,,1,No determinada,0,alta,,
Villalobos P.,58544632900,1,,0009-0006-1082-5913,Crossref,media,1,No determinada,0,alta,,
Molina C.,55130350300|58941265400,2,,0000-0001-8208-0435,OpenAlex,media,1,Facultad de Medicina y Salud,1,alta,,
Moena Benítez M.F.,59475958700,1,,0009-0008-3840-068X,ORCID (declarado por el titular),media,1,No determinada,0,alta,,
Milla V.P.,58160601800,1,,,,,1,No determinada,0,alta,,
Metabolism,,0,,,,,1,Facultad de Medicina y Salud,1,alta,,
Mendez-Rebolledo G.,55891096400,1,,0000-0001-7948-3807,Revisión humana (candidato por afiliación confirmado),alta,1,Facultad de Medicina y Salud,1,alta,,
Vidal C. M.,57200798746,1,,,,,1,Facultad de Medicina y Salud,1,alta,,
Mayo B.,59403234100,1,,,,,1,No determinada,0,alta,,
Navarro-Plazaola N.,57224516218,1,,,,,1,No determinada,0,alta,,
Vergara F.V.,24400395100,1,,,,,1,No determinada,0,alta,,
Méndez-Sánchez R.E.,57223934360,1,,0000-0002-9199-827X,ORCID (declarado por el titular),media,1,Facultad de Humanidades y Comunicaciones,1,alta,,
Verdugo F.J.,57035178000,1,,0000-0003-0977-3619,Crossref,media,1,No determinada,0,alta,,
Muñoz-Concha D.,6508018349,1,,,,,1,No determinada,0,alta,,
Muñoz Fuentes C.,59012479000,1,,,,,1,No determinada,0,alta,,
Venegas M.,58671833700,1,,0000-0002-1944-4686,Revisión humana (candidato por afiliación confirmado),alta,1,Facultad de Medicina y Salud,1,alta,,
Venegas J.C.,55981651000,1,,,,,1,Facultad de Medicina y Salud,1,alta,,
Munita M.A.,57202918492,1,,,,,1,No determinada,0,alta,,
Velasco A.,7102242110,1,,,,,1,No determinada,0,alta,,
Moyano Davila C.,57201182805,1,,0000-0002-6357-3469,Crossref,media,1,No determinada,0,alta,Moyano Dávila C.,humana
Moyano C.,60078986100,1,,0000-0002-6357-3469,Crossref,media,1,No determinada,0,alta,Moyano Dávila C.,humana
Aránguiz P.M.,60738456600,1,,,,,1,No determinada,0,alta,,
Movement Sciences (NUTRIM),,0,,,,,1,Facultad de Medicina y Salud,1,alta,,
Moreno S.,56229831900|59919704200,2,,,,,1,No determinada,0,alta,,
Morales-Sepulveda J.P.,57194732185,1,,,,,1,Facultad de Educación y Ciencias Sociales,1,alta,Morales Sepúlveda J.P.,humana
Opazo-García C.,57224678925,1,,,,,1,Facultad de Medicina y Salud,1,alta,,
Olive F.,59732237300,1,,,,,1,No determinada,0,alta,,
Olivares M.,57215819178,1,,,,,1,Facultad de Medicina y Salud,1,alta,,
Olavarría N.,58482097200,1,,,,,1,No determinada,0,alta,,
Núñez-Lisboa M.N.,,0,,0000-0003-0051-9833,ORCID (declarado por el titular),media,1,Facultad de Medicina y Salud,1,alta,,
Núñez-Lisboa M.,57317659600,1,,0000-0003-0051-9833,Crossref,media,1,Facultad de Medicina y Salud,1,alta,Núñez-Lisboa M.,humana
Núnez-Lisboa M.,57317659600,1,,0000-0003-0051-9833,Crossref,media,1,Facultad de Medicina y Salud,1,alta,Núñez-Lisboa M.,humana
Nùñez-Lisboa M.,57317659600,1,,0000-0003-0051-9833,ORCID (declarado por el titular),media,1,Facultad de Medicina y Salud,1,alta,,
Nuñez-Lisboa M.,57317659600,1,,0000-0003-0051-9833,ORCID (declarado por el titular),media,1,Facultad de Medicina y Salud,1,alta,,
Norambuena-Narváez C.,58854716100,1,,,,,1,No determinada,0,alta,,
Norambuena C.,57224136890,1,,0000-0002-7561-9524,OpenAlex,media,1,Facultad de Medicina y Salud,1,alta,,
Arriagada I C.,35188614000,1,,,,,1,No determinada,0,alta,,
Neira M.,59753414400,1,,,,,1,Escuela de Nutrición y Dietética,1,alta,,
Neira B.C.,58854899500,1,,,,,1,No determinada,0,alta,,
Nazer M.I.,59414692500,1,,0009-0008-7016-8200,Crossref,media,1,No determinada,0,alta,,
Nazal L.,6507673174,1,,,,,1,Facultad de Medicina y Salud,1,alta,,
Perez S.,60585038400,1,,,,,1,No determinada,0,alta,,
Peragallo J.,58751901700,1,,,,,1,Facultad de Medicina y Salud,1,alta,,
Penroz S.,59402075500,1,,,,,1,No determinada,0,alta,,
Pavez S.,59560646700,1,,,,,1,Facultad de Medicina y Salud,1,alta,,
Amarouch I.,57339772200,1,,,,,1,No determinada,0,alta,,
Bustamante A.,56699703400|57760310700,2,,0000-0002-5385-6967,OpenAlex,media,1,No determinada,0,alta,,
Paredes M.V.B.,59698042700,1,,,,,1,No determinada,0,alta,,
Palma G.,59559237700,1,,,,,1,Facultad de Medicina y Salud,1,alta,,
Ostornol A.F.,58725356100,1,,,,,1,No determinada,0,alta,,
Busquets-Losada P.,57192640958,1,,0000-0002-1041-0543,Crossref,media,1,No determinada,0,alta,,
Osorio M.,59701506100,1,,,,,1,Escuela de Nutrición y Dietética,1,alta,,
Busquets P.,56778059300,1,,0000-0002-1041-0543,Revisión humana (candidato por afiliación confirmado),alta,1,No determinada,0,alta,,
Ortiz F.,58805268100,1,,0000-0001-7665-7488,Revisión humana (candidato por afiliación confirmado),alta,1,Facultad de Economía y Negocios,1,alta,,
Orellana-Donoso M.I.,57219486372,1,,0000-0002-1781-062X,OpenAlex,media,1,Facultad de Medicina y Salud,1,alta,,
Brocco S.Z.,58866816700,1,,,,,1,No determinada,0,alta,,
Orellana C.,59701323800,1,,,,,1,Escuela de Nutrición y Dietética,1,alta,,
Prieto I.T.,57832434200,1,,0000-0002-7501-5085,OpenAlex,media,1,No determinada,0,alta,,
Prado-Medel C.,59304070900,1,,0000-0001-5115-2133,Crossref,media,1,Facultad de Educación y Ciencias Sociales,1,alta,,
Ponce P.,60619681700,1,,,,,1,Facultad de Ingeniería,1,alta,,
Ponce N.,60235144400,1,,0000-0002-4360-8249,Crossref,media,1,Facultad de Medicina y Salud,1,alta,,
Ponce D.,58189290000,1,,0000-0002-6178-6938,OpenAlex,media,1,No determinada,0,alta,,
Polanco V.,35345476800,1,,,,,1,Facultad de Ingeniería,1,alta,,
Poblete Alday P.,55816334800,1,,0000-0001-6191-8518,Revisión humana (candidato por afiliación confirmado),alta,1,No determinada,0,alta,,
Pizarro S.I.,59137082400,1,,0000-0003-3454-4252,Crossref,media,1,Facultad de Medicina y Salud,1,alta,Pizarro S.,humana
Botto Stuven A.,59540906500,1,,,,,1,No determinada,0,alta,,
Pinzón-Merchán M.,59538410000,1,,,,,1,Facultad de Educación y Ciencias Sociales,1,alta,,
Bopp M.-J.,,0,,0000-0002-3683-4993,Crossref,media,1,Facultad de Ingeniería,1,alta,,
Pino-Zuñiga J.,57209908331,1,,,,,1,Facultad de Medicina y Salud,1,alta,Pino-Zúñiga J.,humana
Pino J.,57200436343|57209908331,2,,,,,1,Escuela de Kinesiología,1,alta,,
Pineda T.,57226539956,1,,0000-0002-9537-0658,Crossref,media,1,Facultad de Medicina y Salud,1,alta,,
Peñaloza P.F.,59223292100,1,,,,,1,Facultad de Artes,1,alta,,
Perez-Jiménez D.,58169838200,1,,,,,1,Facultad de Medicina y Salud,1,alta,,
Riquelme P.R.,58070104900,1,,,,,1,Facultad de Medicina y Salud,1,alta,,
Reyes M.,55819047100|59926881700,2,,0000-0001-5279-4234,OpenAlex,media,1,No determinada,0,alta,,
Reyes J.,57669095300,1,,,,,1,No determinada,0,alta,,
Bilicic D.,60158612800,1,,0000-0002-1421-8989,Crossref,media,1,Facultad de Medicina y Salud,1,alta,,
Regueira T.,57226227863,1,,0000-0001-7253-5651,ORCID (declarado por el titular),media,1,Facultad de Medicina y Salud,1,alta,,
Beytia Osses I.,59916568400,1,,0009-0008-4178-5429,Crossref,media,1,No determinada,0,alta,,
Reccius-Meza A.,59975384800,1,,,,,1,Facultad de Medicina y Salud,1,alta,,
Ramos-Navarro C.,58162095700,1,,,,,1,Facultad de Medicina y Salud,1,alta,,
Ramos-Alarcón M.B.,60374611700,1,,0009-0009-5482-9467,Revisión humana (candidato por afiliación confirmado),alta,1,Facultad de Medicina y Salud,1,alta,,
Ramos T.F.,57682886400,1,,,,,1,Facultad de Medicina y Salud,1,alta,,
Ramos T.,57682886400,1,,0000-0001-8563-5483,OpenAlex,media,1,Facultad de Medicina y Salud,1,alta,,
Berrocal Silva L.,36655345200,1,,,,,1,Facultad de Medicina y Salud,1,alta,,
Ramirez P.,59158543100|59866075000,2,,0000-0003-0593-7161,OpenAlex,media,1,Facultad de Medicina y Salud,1,alta,,
Quintero K.C.,,0,,,,,1,No determinada,0,alta,,
Quintana-Guiñez F.,59272797500,1,,,,,1,Facultad de Medicina y Salud,1,alta,,
Benites M.,56204920800,1,,0000-0001-6366-534X,OpenAlex,media,1,No determinada,0,alta,,
Roncone D. E.,58242709200,1,,,,,1,Facultad de Medicina y Salud,1,alta,,
Romero-Zucchino D.,59008702600,1,,,,,1,Facultad de Medicina y Salud,1,alta,,
Romero C.,59181075700,1,,,,,1,No determinada,0,alta,,
Bencina Matus F.,59916162200,1,,0000-0002-7490-514X,Crossref,media,1,No determinada,0,alta,,
Bellomi P.,16318516500,1,,,,,1,No determinada,0,media,,
Rojas J.P.,59559636600,1,,,,,1,Facultad de Medicina y Salud,1,alta,,
Rojas Gonzaga T.,60081478000,1,,,,,1,No determinada,0,alta,,
Angulo J.,56684392200,1,,0000-0002-0471-4751,Crossref,media,1,Facultad de Medicina y Salud,1,alta,,
Rodríguez M.F.,57191271638,1,,0000-0001-5578-922X,Crossref,media,1,Facultad de Educación y Ciencias Sociales,1,alta,,
Rodríguez I.,58063024000,1,,,,,1,Facultad de Medicina y Salud,1,alta,,
Andrade Kobayashi M.,60590937300,1,,0000-0002-6004-1301,Crossref,media,1,No determinada,0,alta,,
Rodas C.,59442987600,1,,,,,1,No determinada,0,alta,,
Rocco-Toloza V.,60608355200,1,,0000-0002-5555-9720,ORCID (declarado por el titular),media,1,No determinada,0,alta,,
Roa Cáceres C.,57221543815,1,,0000-0002-6049-9718,Crossref,media,1,No determinada,0,alta,,
Rivera-Tovar P.R.,57207760909,1,,0000-0001-8064-3070,Crossref,media,1,Facultad de Medicina y Salud,1,alta,,
Rivas Orrego J.,59476057300,1,,,,,1,No determinada,0,alta,,
Sandoval P.P.P.,59032333000,1,,,,,1,Facultad de Derecho,1,alta,,
Sanchez-Duque C.G.,60042606100,1,,0009-0000-9651-2841,Crossref,media,1,Facultad de Educación y Ciencias Sociales,1,alta,Sánchez-Duque C.,humana
San Martín T.,60207790000,1,,0000-0003-3134-2305,Crossref,media,1,No determinada,0,alta,,
Salvadó J.A.,9241266900,1,,0000-0001-7354-3012,ORCID (declarado por el titular),media,1,No determinada,0,alta,,
Salomé Mariotti Celis M.,55386795700,1,,,,,1,Facultad de Medicina y Salud,1,alta,,
Carrasco G.,57211151423,1,,,,,1,No determinada,0,alta,,
Salas N.,53064631900,1,,0000-0001-8815-5979,Crossref,media,1,Facultad de Educación y Ciencias Sociales,1,alta,,
Caro-Navarro J.,60101649200,1,,,,,1,Facultad de Medicina y Salud,1,alta,,
Saffie J.P.R.,58142735700,1,,,,,1,No determinada,0,alta,,
Caro J.C.,60235304400,1,,0009-0005-8002-1366,Crossref,media,1,Facultad de Medicina y Salud,1,alta,,
Carneiro A.M.Y.,59174100300,1,,0000-0002-3163-2495,OpenAlex,media,1,No determinada,0,alta,,
Ruiz Riquelme P.,58070104900,1,,0000-0002-3293-8189,ORCID (declarado por el titular),media,1,Facultad de Medicina y Salud,1,alta,Ruiz-Riquelme P.,humana
Rugeles F.L.,60395991500,1,,0000-0001-5086-2192,Crossref,media,1,No determinada,0,alta,,
Rufin-Larraín A.,59657427000,1,,0009-0006-7284-7026,Crossref,media,1,No determinada,0,alta,,
Roos J.A.C.,58532724500,1,,,,,1,No determinada,0,alta,,
Roos A.C.,58698786000,1,,,,,1,No determinada,0,alta,,
Silva I.M.,59781031500,1,,,,,1,No determinada,0,alta,,
Silva A.K.,57188743733,1,,0000-0002-4992-7072,ORCID (declarado por el titular),media,1,No determinada,0,alta,,
Shabani R.,57485639100,1,,0000-0001-8781-7862,OpenAlex,media,1,No determinada,0,alta,,
Serrano M.J.,58743009800,1,,0000-0001-7968-9434,OpenAlex,media,1,No determinada,0,alta,,
Sepúlveda P. P.,57105513600,1,,,,,1,Facultad de Medicina y Salud,1,alta,,
Sepúlveda J.P.M.,57132295800,1,,,,,1,Facultad de Educación y Ciencias Sociales,1,alta,,
Sepúlveda A I.,55884627800,1,,,,,1,No determinada,0,alta,,
Sepulveda I.,55884627800,1,,,,,1,Facultad de Medicina y Salud,1,alta,,
School of Psychology,,0,,,,,1,No determinada,0,alta,,
Schlageter F.,58752140500,1,,,,,1,Facultad de Medicina y Salud,1,alta,,
Saúl M.J.,58162095800,1,,,,,1,Facultad de Medicina y Salud,1,alta,,
Canihuante C.Z.,58309977600,1,,0000-0002-6992-2877,Crossref,media,1,No determinada,0,alta,,
Candell M.B.,59532969600,1,,0009-0003-4572-490X,OpenAlex,media,1,Facultad de Medicina y Salud,1,alta,,
Caffarena Barcenilla P.,57549937000,1,,,,,1,Facultad de Humanidades y Comunicaciones,1,alta,,
C F.O.,60075427400,1,,,,,1,Facultad de Medicina y Salud,1,alta,,
Bäuerle N.E.,58147724600,1,,,,,1,No determinada,0,alta,,
Tapia V.,59712949900,1,,0009-0008-8319-3683,Crossref,media,1,Escuela de Nutrición y Dietética,1,alta,,
Tapia R.H.,60016881300,1,,,,,1,No determinada,0,media,,
Tapia I.,58640189700,1,,,,,1,Facultad de Economía y Negocios,1,alta,,
Tabilo-Prieto I.,57832434200,1,,0000-0002-7501-5085,Crossref,media,1,No determinada,0,alta,Tabilo Prieto I.,humana
Tabilo Prieto I.,57832434200,1,,0000-0002-7501-5085,ORCID (declarado por el titular),media,1,No determinada,0,alta,Tabilo Prieto I.,humana
Sánchez-Duque C.,60042606100,1,,0009-0000-9651-2841,Revisión humana (candidato por afiliación confirmado),alta,1,No determinada,0,alta,Sánchez-Duque C.,humana
Sánchez M.,60343580000,1,,0000-0003-3976-6997,Revisión humana (candidato por afiliación confirmado),alta,1,No determinada,0,alta,,
Suazo F.,59217535200,1,,,,,1,No determinada,0,alta,,
Bustos-Muñoz D.,60630239800,1,,0009-0005-5991-8793,ORCID (declarado por el titular),media,1,No determinada,0,alta,,
Catalán C.,59714226100,1,,0000-0001-9898-3727,Crossref,media,1,No determinada,0,alta,,
Castro-Cruz M.,57234752700,1,,,,,1,Facultad de Medicina y Salud,1,alta,,
Castillo Valenzuela O.,7007101727,1,,,,,1,Facultad de Medicina y Salud,1,alta,Castillo-Valenzuela O.,humana
Castillo N.,58752377300,1,,0000-0002-9377-136X,OpenAlex,media,1,Facultad de Medicina y Salud,1,alta,,
Solar P.,55317725000,1,,0000-0002-7035-7270,ORCID (declarado por el titular),media,1,No determinada,0,alta,,
Smague D.,59374996400,1,,,,,1,Facultad de Medicina y Salud,1,alta,,
Silva-Figueroa A.M.,57188743733,1,,0000-0002-4992-7072,Crossref,media,1,No determinada,0,alta,,
Castillo L.P.,59976624400,1,,,,,1,Facultad de Medicina y Salud,1,alta,,
Troncoso-Ortiz E.J.,57215819018,1,,,,,1,Facultad de Medicina y Salud,1,alta,,
Triat M.T.,59559833600,1,,,,,1,No determinada,0,alta,,
Trautmann D.,59217677000,1,,,,,1,No determinada,0,alta,,
Tovar W.,59547926300,1,,,,,1,No determinada,0,alta,,
Torres K.O.,59347149000,1,,,,,1,Facultad de Medicina y Salud,1,alta,,
Aedo Monsalve S.,58167701500,1,,,,,1,Facultad de Medicina y Salud,1,alta,,
Torrealba J.,58284106300,1,,,,,1,No determinada,0,alta,,
Casas-Cordero J.P.,58289166700,1,,0000-0001-9893-022X,Crossref,media,1,No determinada,0,alta,,
Torp O.,23981613300,1,,0000-0002-1916-5097,OpenAlex,media,1,No determinada,0,alta,,
Toledo S.H.,56288037500,1,,,,,1,No determinada,0,alta,,
Casals-Hill A.,57209027307,1,,0000-0001-5940-1050,Crossref,media,1,No determinada,0,alta,,
Thielemann L.,57220042775,1,,,,,1,No determinada,0,alta,,
Tavera A.T.,58521750000,1,,0000-0002-9369-0172,OpenAlex,media,1,"Facultad de Arquitectura, Diseño y Estudios Creativos",1,alta,,
Tapia-Curimil G.,57578654400,1,,0000-0002-0587-1855,Crossref,media,1,Facultad de Medicina y Salud,1,alta,,
Tapia-Castillo A.,55817285400,1,,0000-0002-6081-1468,Crossref,media,1,Facultad de Ingeniería,1,alta,,
Valero-Breton M.,57219974220,1,,0000-0001-6552-2262,ORCID (declarado por el titular),media,1,Facultad de Medicina y Salud,1,alta,,
Valenzuela T.,55235294700,1,,0000-0001-7764-0223,ORCID (declarado por el titular),media,1,Facultad de Medicina y Salud,1,alta,,
Cartaya M.A.,57195547472,1,,0000-0001-8098-9960,Crossref,media,1,No determinada,0,alta,,
Valenzuela L. G.,58242928700,1,,,,,1,Facultad de Medicina y Salud,1,alta,,
Valenzuela C.,59246912900,1,,0000-0003-3564-153X,OpenAlex,media,1,Facultad de Medicina y Salud,1,alta,,
Valencia I.,58484866100,1,,0000-0002-2695-8044,Crossref,media,1,No determinada,0,alta,,
Carrillo D.J.P.,58577474900,1,,0000-0003-4111-3709,OpenAlex,media,1,Facultad de Educación y Ciencias Sociales,1,alta,,
Valderrama Y.,59220077600,1,,,,,1,Facultad de Medicina y Salud,1,alta,,
Colihuinca T.O.,58913192100,1,,0009-0000-1598-1671,OpenAlex,media,1,No determinada,0,alta,,
Valderrama E P.,36603582700,1,,,,,1,Facultad de Medicina y Salud,1,alta,,
Val V.,59560241600,1,,0000-0003-3680-3385,OpenAlex,media,1,Facultad de Medicina y Salud,1,alta,,
Claudet-Córdoba N.,60102272400,1,,,,,1,Facultad de Medicina y Salud,1,alta,,
Urrea F.,59726728200,1,,,,,1,Facultad de Medicina y Salud,1,alta,,
Urbina K.G.D.,,0,,,,,1,Facultad de Medicina y Salud,1,alta,,
Cisternas-Zamora L.A.,60109098900,1,,,,,1,No determinada,0,alta,,
Ubierna D.B.B.,58190862500,1,,0000-0002-1421-8989,OpenAlex,media,1,No determinada,0,alta,,
Zamora L.C.,60012172900,1,,0000-0002-9421-1006,Crossref,media,1,No determinada,0,alta,,
Chiuminatto P.,56086047600,1,,,,,1,No determinada,0,alta,,
Zalaquett R.,7004047154,1,,,,,1,Facultad de Medicina y Salud,1,media,,
Zaio Á.,59238104800,1,,,,,1,Facultad de Medicina y Salud,1,alta,,
Williams Oyarce C.,55866284800,1,,,,,1,No determinada,0,alta,,
Williams C.,55866284800,1,,0000-0003-3440-5711,ORCID (declarado por el titular),media,1,No determinada,0,alta,,
Chadwick C.F.,57072473600,1,,,,,1,No determinada,0,alta,,
Vásquez G.,59180378800,1,,,,,1,No determinada,0,alta,,
Chacón-Ortiz C.,60102272300,1,,,,,1,Facultad de Medicina y Salud,1,alta,,
Von Moltke R.,59174422200,1,,0009-0004-5647-312X,ORCID (declarado por el titular),media,1,No determinada,0,alta,,
Vargas C.H.,60015568200,1,,,,,1,No determinada,0,alta,,
Varas-Diaz G.,57192709467,1,,0000-0002-4621-056X,OpenAlex,media,1,Facultad de Medicina y Salud,1,alta,,
Chacana R.A.,59323281400,1,,,,,1,No determinada,0,alta,,
Vallejos-Penaloza G.,59344743100,1,,0009-0007-8850-1553,Crossref,media,1,No determinada,0,alta,,
Vallejos P. G.,58242038500,1,,,,,1,Facultad de Medicina y Salud,1,alta,,
Vallejos G.,57210135895,1,,0000-0002-6807-1791,OpenAlex,media,1,Facultad de Medicina y Salud,1,alta,,
Aceves Álvarez O.,57202038718,1,,0000-0002-6761-8740,Crossref,media,1,No determinada,0,alta,,
Aroca Siré P.,59012640000,1,,,,,1,No determinada,0,alta,,
Cerón M.L.,57416791800,1,,0000-0001-8662-8189,ORCID (declarado por el titular),media,1,Facultad de Ingeniería,1,alta,Cerón M.L.,humana
Arenas-Massa A.,56404649500,1,,0000-0003-3188-0189,Revisión humana (candidato por afiliación confirmado),alta,1,Facultad de Derecho,1,alta,Arenas-Massa Á.,humana
Arellano P.,57188567780,1,,,,,1,Facultad de Medicina y Salud,1,alta,,
Arazo-Rusindo M.,57376490600,1,,0000-0001-7585-7226,Crossref,media,1,Facultad de Medicina y Salud,1,alta,,
Arazo M.C.R.,57376490600,1,,,,,1,Facultad de Medicina y Salud,1,alta,,
Aravena-Ríos P.,59007685600,1,,,,,1,Facultad de Medicina y Salud,1,alta,,
Aravena S.C.,60015327100,1,,,,,1,No determinada,0,alta,,
Araujo J.T.,58284106300,1,,,,,1,No determinada,0,alta,,
Arauco Rodríguez D.,59916434400,1,,0009-0003-6405-8316,Crossref,media,1,No determinada,0,alta,,
Araneda C.,59180794700,1,,,,,1,No determinada,0,alta,,
Cervela-Díaz M.,60102067700,1,,,,,1,Facultad de Medicina y Salud,1,alta,,
Cayu E.,59402883300,1,,,,,1,No determinada,0,alta,,
Zamorano A.,57543331300,1,,,,,1,Facultad de Medicina y Salud,1,alta,,
Cavada G.,6506571236,1,,0000-0002-3558-0266,Crossref,media,1,No determinada,0,alta,,
Álvarez-Valdés C.,57226107208,1,,0000-0003-0402-5072,Crossref,media,1,No determinada,0,alta,Álvarez-Valdés C.,humana
Abara J.F.,57190811072,1,,0000-0001-8190-2361,OpenAlex,media,1,Facultad de Humanidades y Comunicaciones,1,alta,,
Álvarez C.,55676817500|57226107208,2,,0000-0003-0402-5072,Crossref,media,1,No determinada,0,alta,Álvarez-Valdés C.,humana
Álamos-Vial N.,59538409900,1,,,,,1,Facultad de Educación y Ciencias Sociales,1,alta,,
Águila D.,57034090200,1,,0009-0000-6108-5958,Crossref,media,1,Escuela de Nutrición y Dietética,1,alta,,
von Hoveling-Schindler A.,57221866671,1,,,,,1,No determinada,0,alta,,
van Sint Jan D N.,58875319100,1,,,,,1,No determinada,0,alta,,
de la Fuente M.,23090504600,1,,0000-0003-0577-7604,Revisión humana (candidato por afiliación confirmado),alta,1,No determinada,0,alta,,
de la Cruz P.S.,57218895503,1,,,,,1,No determinada,0,alta,,
de Vos V.,59559833500,1,,,,,1,Facultad de Medicina y Salud,1,alta,,
de Souza Costa D.,58310249200,1,,,,,1,No determinada,0,alta,,
de Guevara D.L.H.,6504597632,1,,,,,1,No determinada,0,alta,,
and Senior Lecturer,,0,,,,,1,Facultad de Medicina y Salud,1,alta,,
Cavada Chacón G.,6506571236,1,,,,,1,Facultad de Medicina y Salud,1,alta,,
Cáceres-Hernández A.,59271261900,1,,,,,1,Facultad de Medicina y Salud,1,alta,,
Villena J.,58033180400,1,,,,,1,No determinada,0,alta,,
